U,theta_0,theta_diff,theta_1c,theta_1s,theta,phi,v_i1,v_i2,v_iprop,Prop_theta_0,Prop_isEnable,delta_e,delta_r,theta_1c_diff,theta_1s_diff,v_01,v_02,beta_01,beta_1c1,beta_1s1,beta_02,beta_1c2,beta_1s2,power_total_LowerRotor,power_total_UpperRotor,power_total_Prop,power_total,T_prop
0,0.307067048549865,-0.0110171001725028,0.000680446200204809,0.00736686168924317,0.0454831087172971,-0.000500927736381079,5.72552342043287,11.0803825758762,-0.126311771321365,0.305756492626418,1,0,0,0,0,20.6840398978657,14.8592280333618,0.0165221038170636,-0.00455744954145558,0.00393459451420774,0.0223444813554832,-0.00520103961127489,0.00303324368887448,300459.079520653,612583.811709779,11902.0814939505,924944.994122779,-0.10164560405161
1,0.306470046859717,-0.0107414939966358,0.000339318768784442,0.00446675700337445,0.0477098661244874,-0.000721782839987213,5.7733679260189,11.0550350897414,1.26898550300456,0.329659350293512,1,0,0,0,0,20.5368786896671,14.8281409937531,0.0165501371217009,-0.00497826553276046,0.00125341210517343,0.0222995709225328,-0.00529395155988738,0.000765191670353426,302487.415619511,610539.460781101,11902.0833809046,924967.747358805,18.3394892781027
2,0.305614133535064,-0.0104324035968608,0.000274644485434888,0.00157753814660675,0.0492559818561315,-0.000688500897688362,5.82389573600879,11.0059069222654,0.396453854222685,0.330325339101659,1,0,0,0,0,20.3421520058051,14.76266702549,0.0165785050823559,-0.00526242270311374,-0.00123976742428304,0.0222480960122732,-0.00551054920284171,-0.00167267043365697,304686.536214218,607385.733695384,11902.089520263,923978.358494576,6.05225226216213
3,0.304514954989391,-0.0100828493276977,0.000220892668949928,-0.00128784469531886,0.0506830110984287,-0.000647841071295119,5.87403331772496,10.9338349968104,-0.464418651305842,0.331051132466187,1,0,0,0,0,20.1027725730506,14.6643402500843,0.016602554248635,-0.00553620091391103,-0.00371122416240604,0.0221942145604212,-0.00572360087003206,-0.00408935306112963,306900.978869442,603253.164285191,11902.1005687373,922062.052761616,-7.50491571605227
4,0.3031849194294,-0.00969846093336785,0.000209053963437864,-0.00412082434594865,0.0521651813690483,-0.000572804835731229,5.9224404842586,10.8383087537731,-0.526478728357166,0.339632175627462,1,0,0,0,0,19.8217273251433,14.5346469835725,0.0166225715084948,-0.00578271343221291,-0.00613221317286926,0.0221376021601301,-0.00594328510993919,-0.00649227119069921,309087.051958282,598115.282130052,11902.1172875039,919114.677673585,-11.6543710970393
5,0.301642137504046,-0.00928246929837334,0.000201724005151047,-0.00691135088922219,0.0535638710608478,-0.000498811563320396,5.96730451728913,10.7191351264034,-0.453710043389925,0.34829889654007,1,0,0,0,0,19.5020214350217,14.3752672381619,0.0166385227255859,-0.00601815862730772,-0.00851750999771749,0.0220790384280737,-0.0061485610600283,-0.00884231116551099,311180.656373822,591981.631173385,11902.1402633269,915074.367270534,-13.1442446354775
6,0.299904455564412,-0.00883820248048251,0.000152816892539849,-0.00964922277656908,0.0548610300328233,-0.000468068649463616,6.00675097444347,10.5764331118007,-0.34204962945241,0.357012561090807,1,0,0,0,0,19.1469789802525,14.1883401483304,0.0166504711247848,-0.00626281961383981,-0.0108866684873177,0.0220189849866092,-0.00631475661836302,-0.0110944960521319,313116.141158977,584867.939260438,11902.1701289143,909893.280595999,-12.3316269190526
7,0.297969648934349,-0.00837327672938533,0.000208465842340278,-0.0123303780492322,0.056870498289165,-0.000349588290908465,6.03963971837006,10.41160673936,0.736475436292137,0.374271018543532,1,0,0,0,0,18.7621408550743,13.9778970327677,0.0166584930732188,-0.00644321093798943,-0.013136723590014,0.0219554062449796,-0.00650585973332204,-0.0133382541557566,314853.667050135,576800.786445245,11902.2105133887,903601.216583993,36.2965867918694
8,0.295911535579095,-0.00789005190236258,0.000312819834063482,-0.0149345699933117,0.0577556460732075,-0.000196680947661668,6.06349640829283,10.221134002065,0.626532795879145,0.381285689724577,1,0,0,0,0,18.3454847183366,13.7423614987599,0.0166671464497581,-0.00658770977745411,-0.0152787017991835,0.0218899986562732,-0.0066956111948619,-0.0155078565378644,316352.740456103,567644.906763784,11902.254343346,895935.855453519,34.4312920249874
9,0.293731829205912,-0.00739381738386546,0.000569472779962484,-0.0174560365376609,0.0585090505607241,8.05908420791442e-05,6.07689474559845,10.0079738942099,0.59960235194207,0.388895952310953,1,0,0,0,0,17.9032425017543,13.48664510444,0.0166757654373365,-0.00664363437532052,-0.0172339176921976,0.0218213156947976,-0.00693020561099657,-0.0176635246752011,317553.712891489,557508.756120826,11902.303858228,887001.416721052,36.6681512961513
10,0.291443100999409,-0.00688444934691231,0.000631868982292343,-0.0198816108850951,0.0590091914157805,0.000178250833359938,6.07775559595342,9.77646811940158,0.518386375887522,0.395867618970453,1,0,0,0,0,17.439479693172,13.2130843672248,0.0166824986566014,-0.00677537471062621,-0.0192170581718462,0.0217519120945858,-0.00704876992454512,-0.0195621841391556,318360.113048091,546636.902437613,11902.359806862,876929.386485661,34.7360890960301
11,0.289063698753516,-0.00637117795531838,0.000705347324461107,-0.0222019458659448,0.0592847330759483,0.000277466698173246,6.06511473992068,9.5293637463496,0.438290135807963,0.402858155112197,1,0,0,0,0,16.9564130109962,12.9218871570516,0.0166886664937949,-0.00688299377365961,-0.0210753108204023,0.0216809699678342,-0.00714686123985579,-0.0213267713413101,318746.658463464,535135.425341732,11902.4202698814,865807.834159378,31.937862528509
12,0.28660992188311,-0.00585923499842997,0.000800763454939799,-0.0244068520488733,0.0593381444741625,0.000387717675893611,6.03798918000894,9.2703310141718,0.364594232326971,0.409719241744585,1,0,0,0,0,16.4570983987481,12.6141309480301,0.0166940988911051,-0.00695987561896916,-0.0227854440306432,0.0216091893194834,-0.00723080051700947,-0.0229528923434828,318670.088193585,523179.367404853,11902.4838872199,853769.391065427,28.7194544096859
13,0.284116413518031,-0.00535418716728598,0.000748407981027934,-0.0264800555289498,0.0587416345382022,0.000365394909668005,5.99566167604647,9.0020348031429,0.0170222816228983,0.416727539412683,1,0,0,0,0,15.9435079776226,12.2900360689212,0.0166998854082209,-0.00708850070879375,-0.0244372662133173,0.0215377049976271,-0.00722503275210961,-0.0243100052023307,318108.602435892,510899.864659594,11902.5446034289,840911.051748973,1.41167995731451
14,0.281569167603274,-0.00485945437159977,0.000900568069207494,-0.028425794921107,0.0583255628824437,0.000510065961039184,5.93834487674219,8.72968177877201,-0.0426207032307073,0.423932256320654,1,0,0,0,0,15.4212495090484,11.9529358944765,0.0167032722617119,-0.00709542185529843,-0.0257969652317909,0.0214667476849821,-0.00729377091655768,-0.0256380348716952,317031.103508051,498534.700943799,11902.6083296126,827468.681997272,-3.78992876404715
15,0.278990925645232,-0.00437839427269177,0.00103416324180352,-0.0302338217612284,0.0577821002090483,0.000632800618738938,5.86635468829813,8.45615842910799,-0.0514985598065797,0.431198737988055,1,0,0,0,0,14.8931795634129,11.6039747135673,0.0167041942850279,-0.00708827600217119,-0.0269989383229413,0.021397894003266,-0.00733678273877729,-0.0267804092980769,315439.737516812,486229.260230095,11902.6724334789,813572.091140176,-4.90452163899778
16,0.27640290070697,-0.00391410587226349,0.00118935576600836,-0.0318985846466642,0.0570691541360893,0.000767285556194036,5.78041226770723,8.18411578722692,-0.0428329266564045,0.438309148127436,1,0,0,0,0,14.3622140651982,11.2444227302201,0.0167022271201907,-0.00704849473891325,-0.0280069771339035,0.0213323899655803,-0.00737643162395547,-0.027758857379313,313346.214204694,474110.985078795,11902.7340759137,799360.244216179,-4.3544538074072
17,0.27381690691879,-0.00346884435604259,0.00129852730823127,-0.0334188459835017,0.0562076523391814,0.000859014285822488,5.68197934950842,7.91598662635117,-0.0184139644979185,0.445390297380194,1,0,0,0,0,13.8318682719225,10.8766278183486,0.0166969640539039,-0.00700900633900222,-0.0288636825635554,0.0212709686041136,-0.00738419084841375,-0.0285304502475919,310790.929606675,462288.147100576,11902.7934852115,784981.93133147,-1.99214976058138
18,0.271266497134113,-0.00304250781423573,0.00143861584784048,-0.0347940211384997,0.0551482613525461,0.000970798947572545,5.57286211888855,7.65264350191883,-0.00705736583727272,0.452276875800984,1,0,0,0,0,13.3049497679137,10.5040002839559,0.0166897170168818,-0.00693523422012668,-0.0295139922129851,0.021213551881829,-0.00740097032794141,-0.0291468823169168,307843.53820487,450782.309430012,11902.8463180519,770528.703468375,-0.808977881676868
19,0.268715110236071,-0.00263082896328757,0.00157307146238637,-0.0360455128949325,0.0544756403299943,0.00107544548334913,5.45562357317745,7.39685384661397,0.236219663483918,0.461421368456178,1,0,0,0,0,12.7869166505288,10.1326073930903,0.0166781422584436,-0.00683870852670619,-0.0300105043209015,0.0211596250311574,-0.00740746226930224,-0.029615911488434,304570.925817718,439705.45136887,11902.9094018733,756190.683467774,28.9481707658683
20,0.266185860817906,-0.00223285363044307,0.00172474989267674,-0.0371796410211202,0.0541003882748616,0.00119103612984706,5.33221101774528,7.14896275791567,0.621557471494079,0.472128937866246,1,0,0,0,0,12.2799942264463,9.76561674094282,0.0166634800869456,-0.00670985363728397,-0.0303443434547171,0.0211088674472512,-0.00741763796324599,-0.0299622114462759,301051.10449589,429056.047200016,11902.9820672163,742094.721225951,81.6537147539433
21,0.263746379752141,-0.00184667331814487,0.00208678706708826,-0.038194937750678,0.0537039820473648,0.00146536498581713,5.2039281985306,6.9086782991663,1.0018126011118,0.482516821220235,1,0,0,0,0,11.7851035759106,9.40507644794598,0.0166479414218651,-0.00646266228560496,-0.0303800103531453,0.0210622178853798,-0.00753097321699314,-0.030309772801126,297343.372038272,418816.11724848,11903.0493708688,728296.983179098,140.412199481459
22,0.261353815570769,-0.00148586452823982,0.00203650751799414,-0.0391093837844223,0.0532901438801406,0.00141742669571046,5.0746746286775,6.67610348254242,1.35409140274842,0.492584798949832,1,0,0,0,0,11.306019891659,9.05443251767321,0.0166355337756231,-0.00639600503471677,-0.0305607129314597,0.0210139244803671,-0.00744989919282446,-0.0302782395998885,293629.767307894,408914.425731072,11903.1289322383,714901.957220397,201.449580801597
23,0.259064848427089,-0.00114160507981869,0.00204500278984077,-0.0399301159496342,0.0528621000419173,0.00141349915405889,4.94476088978501,6.45172170526377,1.69338115431864,0.502761135280534,1,0,0,0,0,10.8433533495145,8.71562228266209,0.0166254698760165,-0.00628793124047317,-0.030575650784475,0.0209668019936835,-0.00740310178394528,-0.030183327984917,289902.927957,399400.932455043,11903.2076915475,701958.84685019,266.37076956228
24,0.256894641440699,-0.000813237517263317,0.00213970135296817,-0.0406697234523059,0.0524225738631887,0.00147277669031724,4.81559883226857,6.23579749096163,2.01894382942512,0.512899247332876,1,0,0,0,0,10.3984991450945,8.39068686268453,0.0166185373961889,-0.0061278627257627,-0.030421202573302,0.0209205604858773,-0.00740598137485203,-0.0300588343134762,286216.40718739,390279.803858049,11903.2841058809,689525.483433627,334.626921992852
25,0.254841626575338,-0.000504231881257317,0.00222218680125864,-0.0413422068519088,0.0519737947230376,0.00152031320399591,4.68858736351062,6.02845557827283,2.32765618227108,0.522825588880147,1,0,0,0,0,9.97297407648883,8.08087759501155,0.0166157030261277,-0.00596536914500966,-0.030181506365302,0.0208741022156668,-0.00741171701819306,-0.0298578786381837,282626.772130138,381543.171273932,11903.3611312978,677645.232414658,405.195887907802
26,0.252911698868213,-0.00021563101865426,0.00229349290194486,-0.0419599604153814,0.0515175015256879,0.0015571176010786,4.56419475596919,5.83016909527296,2.61983948117579,0.532626462203419,1,0,0,0,0,9.56820402714627,7.78641705708202,0.0166159910635723,-0.00580280537502631,-0.0298725287664847,0.0208285781111877,-0.00742103742477929,-0.0295946001108885,279138.85354132,373225.409462709,11903.4386490704,666353.185785968,477.621041314351
27,0.251108789454681,5.24631738607343e-05,0.00235636083296779,-0.0425346963377327,0.0510549623422876,0.00158543959093511,4.44269666456481,5.64126698344975,2.89615738261561,0.54233458873197,1,0,0,0,0,9.18519389627232,7.50721481901933,0.0166181655707016,-0.00564147502023725,-0.0295085039906114,0.0207853431557915,-0.00743523574977262,-0.0292827913237098,275750.090577836,365355.287690816,11903.5164578739,655671.142768422,551.540745307346
28,0.249435212697639,0.000300868295059518,0.00241460764233466,-0.0430772866573229,0.0505870918599013,0.00160826035691908,4.32423705750007,5.46192240237329,3.15750923049017,0.551843278991921,1,0,0,0,0,8.82453567580657,7.24299682270307,0.0166208910197525,-0.00548180868142356,-0.0291019239868915,0.0207458057972138,-0.00745602978801791,-0.0289355230337304,272454.16349339,357953.56048094,11903.5942807727,645609.236447272,626.680950512523
29,0.247891636540252,0.000531081534426754,0.00246981546871388,-0.0435976844056625,0.0501143712309348,0.00162686609471817,4.20885415018907,5.29218133207391,3.40485471500147,0.561226946666989,1,0,0,0,0,8.48649241753245,6.99334916061654,0.0166227726425177,-0.00532489343649372,-0.0286655952863643,0.0207113829599624,-0.00748403221136637,-0.028563019861217,269242.17224644,351033.916092787,11903.6718976014,636168.122949697,702.82516946156
30,0.246478035760413,0.000745432576243619,0.00252737461005018,-0.0441047647651585,0.0496369441170141,0.0016452146369809,4.09648248363236,5.13200474144423,3.63929241788616,0.570489756929535,1,0,0,0,0,8.17102588915865,6.75775309996382,0.0166223220039534,-0.00516953709070627,-0.0282082682154476,0.0206835712421371,-0.00752186116390883,-0.0281764892754803,266102.224346572,344605.650934176,11903.7488711999,627341.698594256,779.834181267271
31,0.245187434919239,0.000946832127356799,0.00258801510447479,-0.0446040729728753,0.0491544558322944,0.00166381236004883,3.9872187189457,4.98109958542264,3.86218353246353,0.579323236712438,1,0,0,0,0,7.87675364544179,6.53518918134686,0.0166187550058717,-0.00501588934082958,-0.0277375929333891,0.0206629605658783,-0.00756983359537635,-0.0277814102982748,263035.859731287,338657.370909584,11903.8249256296,619117.927623888,857.681453309774
32,0.244006080817147,0.00113836291743625,0.00265129987021445,-0.0450971883779628,0.0486660551944043,0.00168228699474771,3.88132383545069,4.83892688837587,4.07513422040008,0.588249200478942,1,0,0,0,0,7.60094033615755,6.32412128050488,0.0166121481493832,-0.00486385247570456,-0.0272569833418438,0.0206490896050512,-0.00762762601701306,-0.0273795278755521,260058.360174376,333157.397448608,11903.8998041809,611479.982927959,936.458785702501
33,0.242920051558878,0.00132259863485253,0.00271446764292673,-0.0455844496701032,0.0481708009497896,0.00169859767298197,3.7789722765123,4.70492174697295,4.27954239808118,0.597054512663719,1,0,0,0,0,7.34093809478076,6.12303034636339,0.0166026829455637,-0.00471427106548661,-0.0267698105498581,0.0206413839088706,-0.00769376938049676,-0.0269699511773918,257182.343664037,328072.875551152,11903.9733743854,604407.777988583,1016.26547187575
34,0.241917727112463,0.00150232657380349,0.00278518295832703,-0.0460652441950129,0.047667638373418,0.00171800560707192,3.68021342095486,4.57856461581468,4.47676245347592,0.605857527072162,1,0,0,0,0,7.09426102498227,5.93049138575058,0.0165904122001212,-0.00456288165088141,-0.0262710975189302,0.0206394854189435,-0.00777220749052051,-0.0265575392928142,254414.347986348,323375.576035132,11904.0448911539,597880.788147307,1097.24192843743
35,0.240986483918821,0.00167939543153633,0.0028596300738994,-0.0465383008231648,0.0471554292071566,0.00173763400100812,3.58508182769441,4.45931206009064,4.66779061291461,0.61462767439572,1,0,0,0,0,6.85861018200045,5.74513859272148,0.0165755730217041,-0.00441088000521293,-0.0257628562588504,0.020642802745128,-0.00786106443414103,-0.0261392386882091,251761.389410177,319034.96827274,11904.1142321409,591876.399887517,1179.47807817338
36,0.240115092906807,0.00185558555009071,0.00293818933962703,-0.0470017403673317,0.0466328743469108,0.00175754123435059,3.49355285751021,4.34665695810352,4.8535085135753,0.623350849659462,1,0,0,0,0,6.63184859279134,5.56570186230115,0.0165583691792526,-0.00425742445250141,-0.0252434835488975,0.0206508275828113,-0.00796065941690588,-0.0257141541701536,249227.523510432,315023.42531371,11904.181017355,586372.308186013,1263.06709841224
37,0.239293057877982,0.00203240589306669,0.00302108373598136,-0.0474532200262008,0.0460984944876482,0.00177764842626715,3.40557328007635,4.24011658194708,5.03463094080242,0.632040009958996,1,0,0,0,0,6.41199814137026,5.3909988185011,0.0165390321139974,-0.00410175390203446,-0.0247109269505269,0.0206630467002362,-0.00807127301742326,-0.0252809228125758,246815.468792607,311314.867668081,11904.2448452535,581346.425216059,1348.08416440804
38,0.238510682886843,0.00221108982276584,0.00310820785652815,-0.047890087174706,0.0455505699065476,0.00179763087332035,3.32107182181461,4.13923316181707,5.21170598985828,0.640709761258017,1,0,0,0,0,6.19724705484862,5.21994492818874,0.0165178272343322,-0.00394330565260152,-0.0241629867977059,0.0206789373380731,-0.00819304719427209,-0.0248377546392205,244527.030183366,307884.672172237,11904.3052976339,576777.012371076,1434.57876055223
39,0.237764697479747,0.0023921637440496,0.00319940324644665,-0.0483125200105836,0.044987341463564,0.00181723389657273,3.23994104940641,4.04358001831503,5.38488308401393,0.649329065292777,1,0,0,0,0,5.98680217989537,5.05220962749819,0.0164950629024368,-0.00378202523976137,-0.0236000559680933,0.0206981137855287,-0.00832617477908824,-0.0243851879790135,242361.998678669,304710.515736843,11904.3619287492,572640.959787045,1522.49358353617
40,0.237060476209391,0.00257529527806586,0.00329448270704766,-0.0487251479848824,0.0444070462588445,0.00183637783968316,3.16204004318194,3.95276695831353,5.55387941783412,0.657908460943524,1,0,0,0,0,5.78119985900469,4.88845213312067,0.0164710905418914,-0.00361855256824489,-0.0230265208286047,0.020720386829684,-0.00847088529722637,-0.0239273052841635,240318.120157558,301772.753086032,11904.414257058,568913.344199273,1611.63633784621
41,0.236404266971506,0.0027601208603052,0.00339502445448269,-0.0491328931624085,0.0438073258397042,0.00185624474248345,3.08723002507368,3.86644186224232,5.71837994780685,0.666474834310742,1,0,0,0,0,5.58102290800431,4.72934453932698,0.0164462485435937,-0.00345276357134383,-0.0224456028209817,0.0207456106178902,-0.00862829280155288,-0.023469336839537,238392.818310318,299053.898743221,11904.4615732707,565570.361816242,1701.79488901936
42,0.23580299690567,0.00294648324299866,0.00350624553519395,-0.0495406332742199,0.0431850333039152,0.00188052171937181,3.01536754271649,3.78429667385543,5.87806468171853,0.67507147818097,1,0,0,0,0,5.38679615864919,4.57550224296533,0.0164208108411844,-0.00328279840542254,-0.0218577348854671,0.0207737351878377,-0.00880143592540699,-0.0230185222377889,236582.715084398,296539.239196249,11904.5027393587,562589.579197726,1792.74535416053
43,0.235258645692619,0.00313178549313437,0.00360843569916789,-0.0499530042089677,0.0425367061534773,0.00189607659131408,2.94644606641807,3.70591659731107,6.03231916283081,0.683469270179114,1,0,0,0,0,5.19904183587109,4.42737602394652,0.0163957274365728,-0.00311925959022973,-0.0212800597724886,0.0208038288364745,-0.00897964055610513,-0.0225661582973777,234893.372108755,294203.527710574,11904.5385277684,559944.444762788,1884.15157972462
44,0.234778130931516,0.00331558624512412,0.00370874858460009,-0.0503747384042621,0.0418588754096544,0.00190811290803146,2.88034092460272,3.63103948479157,6.18092573551111,0.691722949516342,1,0,0,0,0,5.01820372118505,4.2854546885147,0.0163713362544718,-0.00295955431321097,-0.0207111160703907,0.0208357779044652,-0.00916663163725884,-0.0221202377623286,233321.85707898,292034.158829771,11904.5675863117,557614.366642598,1975.79945612057
45,0.23436922571035,0.00349801792224532,0.00381957180265155,-0.0508106891731964,0.0411488886258088,0.00192535233724339,2.81690373885611,3.55945652633627,6.32388090702207,0.699981734943048,1,0,0,0,0,4.84467781372758,4.15020287197561,0.0163477900889495,-0.00279836491771991,-0.0201457269385836,0.0208696843268043,-0.00936898072071883,-0.0216918657405222,231863.197302792,290022.396850213,11904.5881162592,555581.719938432,2067.54722280587
46,0.234035450851006,0.00367697836438132,0.00393250720529831,-0.0512654847385955,0.0404040798873926,0.00194259335352853,2.75610484292248,3.49086060707744,6.4609407951128,0.708196073176695,1,0,0,0,0,4.67887129585662,4.02194480884552,0.0163258653533393,-0.00264086835316775,-0.019592609082153,0.0209048459502646,-0.00958161921659354,-0.0212788757304674,230520.228458621,288149.993453764,11904.6000236193,553825.215780347,2159.16482461557
47,0.233781900227372,0.00385096352644911,0.00404742129450701,-0.0517438462381249,0.0396217823095516,0.00196031046831189,2.69788329181831,3.42499998745156,6.59197166512696,0.716275833922626,1,0,0,0,0,4.52115355372967,3.90099132126017,0.0163061634950698,-0.00248819158631291,-0.0190546231628402,0.0209407956218945,-0.00980381039407474,-0.0208841281379855,229293.322106089,286402.919543735,11904.6025282033,552325.764391321,2250.45747471866
48,0.233613681914064,0.00401870548022458,0.00416664778930538,-0.0522506126931952,0.0388009605289517,0.00198070583909383,2.642167451163,3.36165385270941,6.7170846131875,0.724292931394245,1,0,0,0,0,4.37186394901474,3.7876280123788,0.016289196096541,-0.00234010012443423,-0.0185328607522734,0.0209771455263853,-0.0100359618337292,-0.0205119628663882,228181.800705342,284769.230106954,11904.594849536,551067.068495833,2341.32311437249
49,0.233532722183088,0.00417766509514422,0.00428195466903438,-0.0527904380926907,0.0379431847805257,0.00199901369427171,2.58894675443679,3.30055450215548,6.83658922824639,0.732190576300952,1,0,0,0,0,4.23134541111532,3.68205479399899,0.0162758141126037,-0.00220165268679263,-0.0180354966457467,0.0210130273673956,-0.0102721776821971,-0.0201600808911172,227188.909259801,283232.176331587,11904.577563381,550033.724463771,2431.74424886954
50,0.233543559501193,0.0043275169089545,0.00440157809630579,-0.0533684044272056,0.0370529480811484,0.00202146845544159,2.53810691667291,3.2415591507023,6.95132166016749,0.739978496921748,1,0,0,0,0,4.09987245563259,3.58453978530385,0.0162661961773385,-0.00206905345421946,-0.0175596347003852,0.0210483448729765,-0.0105157123024879,-0.0198365403829268,226310.475737997,281785.582587466,11904.5502280928,549218.49634871,2521.92795455269
51,0.233647011604458,0.00446678918331435,0.00452228071775664,-0.0539893036738345,0.0361380296393704,0.00204666491870369,2.48959198727632,3.18447978447631,7.06235645089811,0.747642258055785,1,0,0,0,0,3.9777240390631,3.49528009988151,0.0162608245064541,-0.00194410829028114,-0.0171101486807466,0.0210825542312685,-0.0107630998515256,-0.0195422255502367,225546.115497775,280418.733542179,11904.5140132925,548616.601856606,2612.20785659555
52,0.233841674914493,0.00459364920129069,0.00463670433036614,-0.0546575626178983,0.0352090198812953,0.00207044783686809,2.44336486999087,3.12912274529531,7.1710059158529,0.75507713591779,1,0,0,0,0,3.86516882596429,3.4144400404932,0.0162602652749255,-0.00183058629709919,-0.0166946272155465,0.0211149450363877,-0.0110083294055184,-0.0192754170608449,224896.546486064,279119.949250814,11904.4710168036,548226.974138346,2703.0523150328
53,0.234132169998717,0.00470993658916015,0.00476181842236123,-0.0553784290187744,0.0342749601166169,0.00210475307778453,2.39923058477555,3.0754742222796,7.27854811725766,0.762571953843321,1,0,0,0,0,3.76237451180813,3.34232296756074,0.0162640065996124,-0.00171910931676762,-0.0163042204997929,0.0211461249689312,-0.0112597043137419,-0.0190494235485223,224351.406162169,277893.292438112,11904.420901392,548054.47574464,2794.95486117741
54,0.234373729381881,0.00485438319843684,0.00489398636402308,-0.0560597508342867,0.0333329387566697,0.00213475378999498,2.35525117290222,3.02541315439651,7.38960827260404,0.770018995519932,1,0,0,0,0,3.65085845306241,3.26183032753341,0.0162559427591432,-0.00158498021609595,-0.0158779001438368,0.0211882634885442,-0.01152950226953,-0.0187840064804949,223776.430012003,276907.858238143,11904.3655247073,548180.914826934,2889.91723582975
55,0.234627857688321,0.00500800150457527,0.00504509657904879,-0.0567394505310755,0.0323795163366801,0.00217446160250986,2.31251105555484,2.97760442054317,7.50161768533342,0.777613952607793,1,0,0,0,0,3.53727033629827,3.18017474199459,0.0162453417029888,-0.00143401057237079,-0.0154301947025488,0.0212338203711355,-0.0118164629969558,-0.0185200746501789,223251.093717501,276051.952054285,11904.3024991341,548551.341662252,2986.8751835654
56,0.234953493242634,0.00514995328785001,0.00519607462115926,-0.0574600072913253,0.0314189715971373,0.0022173478348478,2.27187152362708,2.93094627163404,7.61271268876933,0.785113955377403,1,0,0,0,0,3.42981823091038,3.1046193434808,0.0162403397444744,-0.00128856373649022,-0.0150026310496963,0.0212761782898885,-0.0121017534455828,-0.0182808620218967,222839.020207041,275233.08945936,11904.2336014628,549118.447183237,3085.00569500189
57,0.235347846353645,0.00528097488190731,0.00534429632999933,-0.0582205785214478,0.0304480343009433,0.00226162548594002,2.23314428374262,2.88547143330598,7.72268178079159,0.792468830525938,1,0,0,0,0,3.32809975968468,3.03445176717029,0.0162402402300439,-0.00114970150789326,-0.0145958390984331,0.0213159604233983,-0.0123838851301441,-0.0180622439688108,222529.574698459,274458.034681597,11904.1588546643,549875.912274558,3184.18999454817
58,0.23580858754116,0.00540108976537991,0.00548587844233926,-0.0590204683513051,0.0294626755019801,0.00230475720324209,2.19619424028998,2.84116848833962,7.8312074425502,0.799739255571443,1,0,0,0,0,3.23175999308995,2.96903395088017,0.0162446808521746,-0.00101951568246067,-0.0142112180345698,0.0213534724866257,-0.0126604339863008,-0.0178596169758955,222315.709262777,273729.450446444,11904.0783204348,550815.350559495,3284.25307633982
59,0.236337767734204,0.0055123502526427,0.00562932405958715,-0.0598603319979664,0.0284577468394788,0.00235243119912565,2.16082312366617,2.79810145684321,7.93794653327859,0.806961034412861,1,0,0,0,0,3.14042079416367,2.90789601378954,0.0162527728919485,-0.000892978069331185,-0.0138421703249243,0.0213897011465249,-0.0129364326586274,-0.0176764240644901,222185.876118866,273056.679181057,11903.9907398383,551929.760542876,3384.99739055031
60,0.236936382916865,0.00561469804029094,0.00577478667750447,-0.0607406883808528,0.0274267240458148,0.00240500713889019,2.12693662959462,2.75623736770248,8.04233162730231,0.81420173518526,1,0,0,0,0,3.05378230053387,2.85055765620194,0.0162643694963554,-0.000770244731193053,-0.0134874650264242,0.0214248548258832,-0.0132115928752888,-0.0175111310182245,222135.632096433,272440.162400038,11903.8955267398,553207.066016914,3486.10657676296
61,0.237606019176516,0.00570738299091334,0.00592154506731118,-0.0616623611886572,0.0263624796194752,0.00246243383035399,2.09448035431933,2.71551168723068,8.143738474462,0.821342972340946,1,0,0,0,0,2.9715868326976,2.79657549927,0.0162796179646748,-0.00065232573371094,-0.0131463973408454,0.0214588711625726,-0.0134847974473472,-0.0173619218642129,222163.2028769,271877.308134924,11903.7921944755,554633.25998846,3587.2190303745
62,0.238348468791256,0.00578956727037023,0.00606938189903323,-0.0626263971099427,0.0252590258807604,0.00252507301571981,2.0634123438155,2.67585521622739,8.24170270830099,0.828306823683095,1,0,0,0,0,2.89360105410059,2.74555790688688,0.0162987447863361,-0.000540045417485217,-0.0128179958950385,0.0214916186964334,-0.0137550870224451,-0.0172275506878657,222267.578689312,271364.907623961,11903.6805310874,556195.637047116,3688.03422599897
63,0.239166665475292,0.00585958557956471,0.00621755761566039,-0.0636342252563191,0.0241086051897302,0.00259318933560781,2.03373086818548,2.63716735452081,8.33558439658489,0.8352661007302,1,0,0,0,0,2.81963530240623,2.69713047201436,0.0163223202052339,-0.00043513271472371,-0.0125014633457194,0.0215226741571113,-0.0140207972613051,-0.0171066448004455,222450.481029108,270896.729371225,11903.560310343,557878.161875556,3788.14882389517
64,0.240065642755873,0.00591450158367833,0.00636482355706685,-0.0646879291799456,0.0228997607976584,0.00266712124225923,2.00548914929354,2.59930251171839,8.42437300094926,0.84225469711484,1,0,0,0,0,2.74955557166336,2.65091503894927,0.0163514288531904,-0.000340617426838905,-0.012196005941484,0.0215511935121352,-0.0142793109420017,-0.0169977158155358,222717.430611415,270462.284315312,11903.431100418,559658.339293096,3886.94986178084
65,0.241053682248327,0.0059492468420137,0.00650855194375805,-0.0657905891407832,0.0216146894353774,0.00274695703687856,1.97882552523947,2.56204175189478,8.50642546710396,0.849159538625467,1,0,0,0,0,2.68330761494232,2.6064953390682,0.0163879932251821,-0.000261985804530486,-0.0119011485816519,0.0215756418009931,-0.0145261002354844,-0.0168986512251046,223079.92302221,270044.246416458,11903.2921388978,561502.536733859,3983.46458449434
66,0.242145128319238,0.00595514154522836,0.00664402795074239,-0.06694715482474,0.0202235548418371,0.00283255474129608,1.95401641276745,2.52504434080373,8.57890821769341,0.855881054398919,1,0,0,0,0,2.62096035673571,2.56336368126698,0.0164353521853215,-0.000208824131581697,-0.0116167192509142,0.021593339639007,-0.0147534914513779,-0.0168063498125928,223559.273335648,269614.060287889,11903.1419591561,563356.466973435,4076.042478373
67,0.243367001415582,0.00591672233378638,0.00676298358610328,-0.0681665185014098,0.0186712791485866,0.00292362568129227,1.93159236270147,2.48774290884557,8.63650622762841,0.862373648064111,1,0,0,0,0,2.56280117072971,2.52081272813801,0.0164995177725578,-0.000198328863708407,-0.0113427665645549,0.0215995005082506,-0.0149480928201094,-0.0167159608655794,224195.070273614,269122.478714471,11902.9775804904,565123.642428722,4161.62138174966
68,0.244765585044327,0.00580947678997202,0.00685162213298604,-0.0694633660165857,0.0168649921030967,0.00301919608288084,1.91241773360263,2.44928205886208,8.67040615030405,0.868445860418006,1,0,0,0,0,2.509410955044,2.47786974935732,0.0165901792196224,-0.000259000477083556,-0.0110797595858825,0.0215865855167532,-0.0150887309431021,-0.0166195690399073,225051.419439408,268494.190770131,11902.7950569284,566648.372468002,4235.09338976735
69,0.246406720630591,0.005604405503188,0.00689202053741816,-0.0708567049783284,0.0146750958789698,0.0031171405835447,1.89752236332084,2.40871281095252,8.66908345188924,0.874132679080795,1,0,0,0,0,2.46155277198986,2.43348382455468,0.0167193165752617,-0.000428896315320942,-0.0108275072994943,0.0215459506473927,-0.0151514194777196,-0.0165056728830141,226206.113782974,267646.0459389,11902.5934702798,567733.454462345,4289.63689349162
70,0.248330135754347,0.00529893965577524,0.00687760140331349,-0.0723502038136561,0.0120284328333144,0.00321442016497301,1.88697511541388,2.36610100328076,8.6288827957396,0.879289174451433,1,0,0,0,0,2.41929044291634,2.38761838227395,0.0168897882029824,-0.000727905475914983,-0.0105809890769092,0.0214778416805386,-0.015139781419691,-0.0163640078703793,227670.78176481,266587.967888087,11902.3879336703,568325.748609955,4322.54869386497
71,0.249730089306171,0.00529063191477526,0.00703570227525456,-0.073685455624655,0.0105920029290065,0.00333688025373337,1.86587371331538,2.33500558611331,8.71797500646654,0.886016423605897,1,0,0,0,0,2.37052589243759,2.35358380040207,0.0169463008659372,-0.000715861117232529,-0.0103112393282075,0.0215031194547013,-0.0153980766530701,-0.0163155464027271,228367.14975514,266542.966803807,11902.2951001907,571146.543030105,4427.68856514921
72,0.251196473678105,0.00528042529303307,0.00719954149870934,-0.0750464492599545,0.0091178402353924,0.00346659687874725,1.84549478327622,2.30497385933829,8.80807605606295,0.892806591862863,1,0,0,0,0,2.32406558842485,2.32101954118116,0.017004733150679,-0.000717839500974947,-0.0100370302665308,0.0215308693477507,-0.0156733862603302,-0.0162687607092895,229108.418534249,266570.799142984,11902.2147746513,574150.561484477,4534.64259052204
73,0.252724081034325,0.00527135674440307,0.00737051338317825,-0.0764265833674342,0.00761235784525651,0.00360341057585872,1.82572625361211,2.27608577085356,8.90051160249548,0.899530304658506,1,0,0,0,0,2.27972250658507,2.28994789946528,0.0170641598063876,-0.000734487325168028,-0.00975550612242279,0.0215622429747038,-0.015972158410641,-0.0162214710957115,229887.536409489,266680.441272593,11902.1504431509,577363.063285838,4644.200505151
74,0.254306579999234,0.00526752003257009,0.0075517169953078,-0.0778182038735219,0.00608390732562908,0.00374799578447324,1.80642456561138,2.24845591137333,8.9968000619153,0.906307913683358,1,0,0,0,0,2.23728725086237,2.26043401477847,0.0171232606187182,-0.000765016082758955,-0.00946278410786028,0.0215987744993479,-0.0163029370530347,-0.0161721942333578,230695.023253924,266883.987779005,11902.1055496764,580815.323644241,4757.3051868057
75,0.255936522923451,0.00527370982376525,0.00774726485020779,-0.0792127514071233,0.00454232623514714,0.00390146318415541,1.78742726830321,2.2222191515852,9.09856944732348,0.913384581121301,1,0,0,0,0,2.19653667389121,2.23257045229745,0.0171804303124161,-0.000807626009054851,-0.0091544309736341,0.0216422562228552,-0.0166756842071108,-0.0161198048675231,231519.86172544,267195.394024088,11902.0833549996,584543.386813945,4875.01120055184
76,0.257601019962677,0.00529609667906595,0.0079608256025344,-0.0806001901999669,0.00300598957607888,0.00406392059994312,1.76852217175161,2.19754425656933,9.2080408314415,0.920613135375372,1,0,0,0,0,2.15720427724286,2.20648959041693,0.0172333883314124,-0.000858690028976086,-0.00882723591005967,0.021694839431352,-0.0171006159571839,-0.0160630626845687,232347.205783113,267631.749821406,11902.0866992072,588596.003944269,4998.78064628814
77,0.259277379245841,0.00534530532148224,0.00819998486741122,-0.0819696407981302,0.00151225782894832,0.00423665671314538,1.74932159368888,2.17471234644585,9.32853131201403,0.928165184236037,1,0,0,0,0,2.11886628943114,2.18244072473036,0.0172777635211134,-0.000906011267355422,-0.0084782841608364,0.0217598395707536,-0.0175907521549809,-0.0160040540227868,233149.093351955,268220.530505575,11902.116922482,593043.343045904,5130.81417057364
78,0.260993500631862,0.0054081047808359,0.0084568614698479,-0.0833162258999239,-7.08121249580399e-06,0.00441816397667565,1.73032513174561,2.15327569376484,9.45486065228616,0.935789898313734,1,0,0,0,0,2.08187057560633,2.1599530975676,0.0173191597291779,-0.000974837253307211,-0.0081018499840302,0.0218335585982001,-0.0181445667401079,-0.0159318534614384,233962.934207884,268923.045691908,11902.1774093828,597804.610779697,5268.17614472657
79,0.262750400111003,0.00548390154110295,0.00873170242070544,-0.0846281915709249,-0.00156651297086977,0.00460822833240658,1.711563408676,2.13318792537486,9.58663759402092,0.943488510616796,1,0,0,0,0,2.04617233302233,2.13895781530936,0.0173579974334211,-0.00107345286117425,-0.00769205481698017,0.0219160644183901,-0.0187706683055034,-0.0158408476758842,234791.684318367,269736.962434652,11902.273058449,602882.616901443,5410.76232123325
80,0.264545546565395,0.00557382610339713,0.00902577036502396,-0.0858982152230849,-0.00316861551737842,0.00480691663744856,1.69299951457194,2.11445180053648,9.72417577026183,0.951239983410771,1,0,0,0,0,2.01167112224117,2.11943791030513,0.0173939238931743,-0.00120418892072885,-0.00724553626210986,0.022007893194646,-0.0194754727070995,-0.0157285081331437,235633.27703892,270664.447595889,11902.4092281469,608293.059703288,5558.90349740667
81,0.266376164104708,0.00567752726550018,0.00933724144578497,-0.0871204365782108,-0.00481626408941804,0.00501239501808346,1.67464292073531,2.09701912195475,9.86763120316508,0.959029652358644,1,0,0,0,0,1.97830909996933,2.10132831333147,0.0174270813740681,-0.00137096937727191,-0.00676139278166547,0.0221090123401941,-0.0202615640311399,-0.0155913530696221,236489.040301574,271703.005391123,11902.5917401707,614048.314052323,5712.84069813842
82,0.266587234215115,0.00660349634595939,0.0101357918643477,-0.0885573851273659,-0.00295118750537295,0.00527006257243258,1.62607481411292,2.10285475597541,10.2318188075638,0.970197646182365,1,0,0,0,0,1.91847336824773,2.10650270028872,0.0170944281216733,7.07178979921233e-05,-0.00660187516325396,0.0224470091728103,-0.0212992062263309,-0.0160251520478775,235118.328109107,274902.253226148,11902.4473624825,624455.860872216,6012.58676927453
83,0.270084981217808,0.00594794260008286,0.0100233678760258,-0.0894150530196171,-0.00814735105257374,0.00544137603623305,1.63769487808909,2.06647514721134,10.1790928936621,0.974940902372029,1,0,0,0,0,1.91397419111783,2.06969277443096,0.0174749078431629,-0.00177154245787123,-0.00568850351380495,0.0223451668569573,-0.0220882193068277,-0.0152535179662282,238181.715349857,274159.610933816,11903.1055662367,626767.640047486,6043.16363398332
84,0.272047779536563,0.00605300962260871,0.0103290289453566,-0.0904502287764529,-0.0100659745471116,0.00563272292170954,1.62132362251715,2.05156469322596,10.3336534195298,0.982679319385604,1,0,0,0,0,1.88489530273877,2.05434888706995,0.017516151062315,-0.00214545753393014,-0.00509514373233477,0.0224616301647989,-0.0230972176574136,-0.0149867293944911,239185.0064488,275413.449956403,11903.48140045,633472.395523765,6210.99538263763
85,0.27401257005932,0.00622189246114884,0.0107370371244422,-0.0914301872891321,-0.0119312523296334,0.00587665394600333,1.60344320161652,2.03933774326064,10.503338539405,0.991321504996266,1,0,0,0,0,1.8552149418874,2.04174454655553,0.0175348485772908,-0.00246206116654818,-0.00442511848319983,0.0226047863355219,-0.0242689717108247,-0.0147421848453309,240077.217726487,276916.005402692,11903.9259666913,640780.86734937,6391.32307312879
86,0.276001813565191,0.00639631419793248,0.0111461629876521,-0.0923413310661298,-0.0138619295292603,0.00611415894888491,1.58598274835195,2.02795387296336,10.6786234639317,0.999643827616018,1,0,0,0,0,1.82658297322992,2.03003498874826,0.0175534504003126,-0.00283781755766451,-0.00371983810314353,0.0227542619173705,-0.0255200718566343,-0.0144561390841023,241002.265427192,278496.678310624,11904.4573539256,648477.015685441,6578.01709618824
87,0.278026767073323,0.00658819765045949,0.0115897107627347,-0.0931797911358122,-0.0158634857348082,0.00636671347338245,1.56857340868088,2.01777905927493,10.8602648404569,1.00810628823042,1,0,0,0,0,1.79863853152323,2.01957866719884,0.0175678511409777,-0.00325144271585607,-0.00295648722234306,0.0229148993160907,-0.0268847250618818,-0.0141432838419691,241933.282903988,280192.354003843,11905.0925676096,656602.376978494,6771.74898460967
88,0.280081132493879,0.00678360557427244,0.0120391757786847,-0.0939487027193742,-0.017941979018626,0.00661646573997269,1.55160330950836,2.00830555191464,11.0463468512974,1.01648015336766,1,0,0,0,0,1.77167573541256,2.00986221534785,0.0175826859853307,-0.00372442861958777,-0.00215318122887036,0.0230809795796578,-0.0283318349729253,-0.0137911923468122,242899.661727376,281956.386390008,11905.8412096765,665108.279496084,6971.33939306494
89,0.28217640221934,0.00698935156778269,0.0125190272277332,-0.0946485717549055,-0.0201042475903282,0.00688029002748857,1.53484619681937,1.99971996157608,11.2368245310391,1.02491953544809,1,0,0,0,0,1.7454598493254,2.00106674266211,0.0175955064469472,-0.00424125145894008,-0.00129350714124276,0.0232552033093491,-0.0298836248345269,-0.0134119083510141,243885.096344914,283808.53504663,11906.7243815503,674009.183322392,7176.87591410782
90,0.28431451886748,0.00719456269529108,0.0130134911978103,-0.0952874218046316,-0.0223579195695122,0.00715026371901706,1.51858178859428,1.99161638302822,11.4296122993721,1.0334125958182,1,0,0,0,0,1.7201996648331,1.99278204137738,0.0176098804798588,-0.00481399283515043,-0.000388191776249405,0.0234329490203653,-0.0315170495004675,-0.0130011365181042,244910.924671442,285710.974341588,11907.7587267611,683246.758483198,7386.97490137731
91,0.28651143208533,0.00740165966698954,0.0135429058476598,-0.0958737733947828,-0.0247115634615512,0.00744298603503721,1.50269359007665,1.98402272177272,11.623728308327,1.04208623532351,1,0,0,0,0,1.69575903326389,1.98503197685906,0.017624749180699,-0.00542903496736163,0.000575177433825909,0.0236149622940424,-0.0332440136910746,-0.0125718937171163,245968.992144198,287667.692490891,11908.973108943,692798.673942012,7600.98705498386
92,0.288762770436854,0.00757737385187796,0.0140439228833307,-0.0964320555681314,-0.0271747422807821,0.00772339259556936,1.48807091948336,1.9758003605828,11.8139949755724,1.05038778127469,1,0,0,0,0,1.67289740637863,1.97667503916003,0.0176514435650706,-0.00613035355242114,0.00155256859955856,0.0237870617091853,-0.0349812987456504,-0.0121038016424712,247126.13244546,289566.592289706,11910.3784331416,702482.902290502,7815.12759133795
93,0.291098700561046,0.00772537791974157,0.0145476283870305,-0.0969848043737409,-0.0297581758415491,0.00801904549109451,1.47453531458358,1.96702249058762,11.9989449795632,1.05860708009322,1,0,0,0,0,1.65143546952269,1.96778122703722,0.0176885642125331,-0.00689406394424262,0.0025606525763715,0.0239503133287821,-0.0367418258075876,-0.0116198063907473,248369.754268347,291414.006761585,11912.0159873892,712245.811689658,8028.20744090783
94,0.293537106892795,0.00781703499091095,0.0150043016040557,-0.0975784555444368,-0.0324737251637796,0.00830761214731012,1.46288362330692,1.95679150724954,12.1742867984879,1.06654713604279,1,0,0,0,0,1.63208263205083,1.95745065115371,0.0177470054039692,-0.00774920752837264,0.00355942654944692,0.0240931528092358,-0.0384464235698321,-0.0111120893123421,249760.347102196,293118.646588813,11913.9085760583,721922.469716104,8236.84710529583
95,0.29612135158343,0.0078615383565211,0.0154524387658162,-0.0982446677130424,-0.0353345711994066,0.00862220479816369,1.45284454622586,1.94543821954565,12.340231169207,1.07445638408289,1,0,0,0,0,1.6145963810214,1.94601164036093,0.0178244746046216,-0.00866415066410887,0.00456859638418511,0.0242198117751031,-0.0401170115693968,-0.0106074895433272,251278.994878628,294711.91443778,11916.115246621,731512.872762739,8440.96888781069
96,0.298865187998361,0.00784800185579216,0.015866153311882,-0.0990037103210153,-0.0383551579444446,0.00895034439615232,1.44471391794031,1.93265400139852,12.4952101555208,1.0821897717197,1,0,0,0,0,1.59924393452077,1.93315367193718,0.0179256333564785,-0.00965675252437107,0.00556977989869043,0.02432593004116,-0.0417198178686829,-0.0100981227933543,252949.624467828,296161.054350318,11918.6778603695,740942.135538708,8639.12366130755
97,0.301791221776059,0.00777705924175619,0.0162425353700388,-0.0998755452213612,-0.0415511344105463,0.00929292173321,1.43846933183759,1.91850442932673,12.6389211832015,1.08969257994488,1,0,0,0,0,1.58600710322488,1.91894057836322,0.0180511690572545,-0.0107260775936751,0.00655864255212354,0.0244120451771603,-0.0432477954686392,-0.0095855384610671,254772.802839364,297471.343736516,11921.6536711496,750185.516499345,8830.80339456406
98,0.304925054391609,0.00765271613287249,0.0165810779044159,-0.100882677292123,-0.0449391394996774,0.00965074308779964,1.43401103536149,1.90317277263103,12.7715505587285,1.09697713440119,1,0,0,0,0,1.57479788911708,1.9035541264164,0.0182007412579966,-0.0118665847630336,0.00753111932307631,0.024480327495716,-0.0446985451441625,-0.00907201517933358,256743.603374806,298660.566570657,11925.1094270726,759240.559776627,9015.87994324934
99,0.308295006041899,0.00748220491238103,0.0168837163292691,-0.102049621261341,-0.0485363757608121,0.0100243742557409,1.43117636680134,1.8869610080805,12.8939361226112,1.10405449488584,1,0,0,0,0,1.56547143667377,1.88729500754765,0.0183731185141726,-0.0130685337740824,0.00848362820070912,0.0245346639547792,-0.0460748871624888,-0.00856033642590026,258852.48231745,299759.166856082,11929.1223064855,768135.061393608,9194.75411186657
100,0.311932763054268,0.00727644170446244,0.0171575485870287,-0.103402060726652,-0.0523598869927653,0.0104160783991654,1.42974007935589,1.87031224513978,13.0079663616509,1.11096421941515,1,0,0,0,0,1.55782656401753,1.870605235272,0.0185661441143115,-0.0143170099288709,0.00941521145357554,0.0245810471832563,-0.0473880744302542,-0.0080547699987689,261085.023342628,300812.498494634,11933.7825744237,776944.24485394,9368.7021522951
