U,theta_0,theta_diff,theta_1c,theta_1s,theta,phi,v_i1,v_i2,Prop_theta_0,Prop_isEnable,theta_1c_diff,theta_1s_diff,delta_e,delta_r,v_01,v_02,beta_01,beta_1c1,beta_1s1,beta_02,beta_1c2,beta_1s2,power_total_LowerRotor,power_total_UpperRotor,power_total_Prop,power_total
0,0.287971850385961,-0.010683682642027,7.36910790056088e-05,0.00670611119415599,0.0461691481834802,-0.000940224501823715,5.2112934985041,10.0955570124277,0,0,0,0,0,0,18.8402954652815,13.5350107214404,0.016346533343411,-0.0049320380642063,0.00299508045231462,0.0221353184672867,-0.00499666292530743,0.00288597747625915,307572.513650253,592428.781191622,15372.1064460984,912035.120250468
1,0.287401675471856,-0.0104306195004624,5.158783333159e-06,0.00423593090292954,0.0478189847274421,-0.000901237732373306,5.25632284385272,10.0681313926129,0,0,0,0,0,0,18.7018657955992,13.5033291387525,0.0163773847525941,-0.00520628832736244,0.000449857247748237,0.0220849219141815,-0.00519151094252084,0.000396357998254582,309518.046509092,590279.846312344,15083.1017574894,911832.532199707
2,0.286547812152827,-0.0101303870595752,-5.62897359104737e-05,0.00179148010128398,0.0494152163222203,-0.00085912216288568,5.3014542712113,10.0153645789328,0,0,0,0,0,0,18.5130501105785,13.435117848329,0.0164016151508376,-0.00548169283307942,-0.00207658427009842,0.0220303188245475,-0.00539277770406274,-0.00207471582661098,311490.332941964,587028.772843115,14793.1944927571,910556.187072387
3,0.28542389220268,-0.00978798173370914,-0.000105991941368954,-0.000616520406160999,0.0509335360964862,-0.000811267302009033,5.34533080187914,9.93676467878588,0,0,0,0,0,0,18.2765283229366,13.331497849267,0.0164194287215534,-0.00575488899828255,-0.00457057469144628,0.0219717298404831,-0.00559862237441832,-0.00451334583276502,313443.726061908,582661.955082796,14518.7077905762,908146.832280407
4,0.284045462556653,-0.00940845264359991,-0.000139731980286719,-0.00297721367444178,0.0523508912813284,-0.000755424695618127,5.38633460733115,9.83207316639974,0,0,0,0,0,0,17.9951953736189,13.1938124351971,0.016431102794333,-0.00602265394083955,-0.00701756609119371,0.0219093865423284,-0.00580714147723135,-0.00690484447394274,315323.918115539,577175.739892333,14269.9922708148,904546.506931326
5,0.282430242703614,-0.00899673007470353,-0.000153900513771691,-0.00527959757476802,0.0536458727154367,-0.000689791693141739,5.42263945411011,9.70130718392546,0,0,0,0,0,0,17.6721672125087,13.0237231565049,0.0164370476882674,-0.0062819168319672,-0.00940201609159319,0.0218434821959627,-0.00601638571917959,-0.00923363371095979,317070.244740288,570577.075639145,14051.6559033805,899701.495029997
6,0.280598455083855,-0.0085575098389309,-0.000145687847436998,-0.00751258450588593,0.054799205476336,-0.000613115230590913,5.45228235035137,9.544813513393,0,0,0,0,0,0,17.3108105304324,12.8233113299627,0.0164378662779039,-0.00652979237109049,-0.0117074033768522,0.02177412433695,-0.00622439861415579,-0.0114832765292531,318618.650235199,562884.818626763,13864.0379583799,893566.597178993
7,0.278573199261903,-0.00809520889654942,-0.000113307809778144,-0.0096651543308169,0.0557943485886181,-0.000524814392964844,5.47325780046778,9.36333021276441,0,0,0,0,0,0,16.9147955641259,12.5951776059352,0.0164344097039585,-0.00676364158994803,-0.0139164187779647,0.0217012915485617,-0.00642927738936208,-0.0136366845844422,319905.370781105,554131.629598622,13705.1925733575,886110.710302583
8,0.276380811663974,-0.00761399827509701,-5.62382814107519e-05,-0.0117266242056657,0.0566181891360677,-0.000425112628384051,5.48363611600941,9.15804752588617,0,0,0,0,0,0,16.4881654819507,12.3425283903367,0.0164278239790899,-0.00698116407690058,-0.0160113761899304,0.021624797473957,-0.00662925393793265,-0.0156765441866334,320871.304254674,544366.199653145,13571.7241382249,877323.423375858
9,0.274049299468961,-0.00711816182440143,2.45970544720707e-05,-0.0136869343151006,0.0572615122536818,-0.000315132641811022,5.48168176025071,8.93091665897782,0,0,0,0,0,0,16.0352352823718,12.0688524941033,0.0164193602358001,-0.00718048301938623,-0.0179748080036099,0.021544424272439,-0.00682277306603992,-0.017585923109868,321463.999380951,533670.395664386,13460.215165982,867234.151997917
10,0.271600345910513,-0.00661319902859946,0.000126987492972194,-0.0155364758218873,0.0577181691748386,-0.000196750528634276,5.46589477169329,8.68563086549312,0,0,0,0,0,0,15.5598560968691,11.7762658067481,0.016409389181471,-0.00736004901653049,-0.0197898628787173,0.0214606332688893,-0.00700848100083314,-0.0193486571377947,321629.21864239,522217.807068565,13367.4587514589,855962.248087434
11,0.269054277026929,-0.00610483735018139,0.000247589073314117,-0.0172665418355523,0.0579856648079023,-7.24241965638363e-05,5.43517467677518,8.42643785316282,0,0,0,0,0,0,15.0658702734414,11.4665950188326,0.0163979571960483,-0.00751871679847931,-0.0214409715985167,0.0213741744482876,-0.00718528657090318,-0.0209499517389217,321321.972553637,510210.344983053,13290.6571042864,843664.633276424
12,0.266432421225998,-0.00559855738685179,0.000382158005612388,-0.0188698268617196,0.0580656541328776,5.49607343218323e-05,5.38894480162272,8.1575514201857,0,0,0,0,0,0,14.5573317390665,11.1419057894306,0.0163850601604091,-0.00765584362500537,-0.0229146441670909,0.0212858882268297,-0.0073524453108715,-0.0223771228666722,320513.678360959,497847.095790407,13227.4553588834,830511.811193715
13,0.263756623088091,-0.00509950880372519,0.000525926268739254,-0.0203407919820187,0.0579639180996286,0.000182315812221843,5.32720766373927,7.8830216393295,0,0,0,0,0,0,14.0384426555303,10.8044395426406,0.0163705945282073,-0.0077713268797501,-0.024200209858734,0.0211967329405006,-0.007509613479167,-0.0236202771936463,319193.983832124,485318.871193536,13175.9068051381,816684.24130998
14,0.261048673466739,-0.00461238409448742,0.000674041699172029,-0.0216759765053907,0.0576900918603036,0.000306611160872959,5.25054722929131,7.60661978346164,0,0,0,0,0,0,13.5134602726089,10.4565404277125,0.0163543168025895,-0.00786560487223552,-0.0252904601289141,0.0211078013526711,-0.00765687795934646,-0.0246728909020711,317371.018851769,472803.274278595,13134.4151146831,802367.656596012
15,0.258329678180383,-0.00414126251422203,0.000822014214150381,-0.0228742073300502,0.0572571390589878,0.000425137573784083,5.16007437108999,7.33174640094239,0,0,0,0,0,0,12.9865778063541,10.1005740968939,0.0163358144611626,-0.00793961241872368,-0.0261820992384401,0.0210203243690287,-0.00779475776982423,-0.0255322009969623,315069.933190886,460460.659754524,13101.6742603694,787747.561531746
16,0.255619407835821,-0.00368944447167316,0.00096610489781924,-0.0239366649237586,0.0566806038097092,0.000535730024502285,5.0573225359367,7.06136748480275,0,0,0,0,0,0,12.4617892390063,9.73884240494036,0.0163144900304277,-0.00799468919262157,-0.0268759240546255,0.0209356620900998,-0.00792417696948471,-0.0261993398851021,312329.898012405,448431.2435852,13076.614439751,773003.343243985
17,0.252937471560393,-0.00325891457393996,0.00110330100926515,-0.0248671440766659,0.055978248455688,0.000636722660184209,4.94423191429307,6.79776085625884,0,0,0,0,0,0,11.9428260395985,9.37398341755703,0.0162900143266021,-0.00803256913823972,-0.0273770739565073,0.0208548871771542,-0.00804642655948611,-0.0266795899682371,309208.529356295,436817.941345232,13058.356473684,758295.533347309
18,0.250306893102632,-0.00284980780273463,0.00123057436448411,-0.0256728667081787,0.0551704585238604,0.000726447210048573,4.8232561079862,6.5421318596924,0,0,0,0,0,0,11.4332747988861,9.00994159681587,0.0162633959550665,-0.00805561561649836,-0.0276958061180102,0.0207778303711118,-0.00816308962822594,-0.0269832454649224,305795.413232187,425657.408692109,13046.1745993689,743750.373508839
19,0.247749159001141,-0.00246199790938129,0.00134540858258152,-0.0263635579593906,0.0542780725007126,0.000803578615335123,4.69688772880113,6.29532493343576,0,0,0,0,0,0,10.9363813930726,8.65059235141348,0.0162358912879672,-0.00806653347267178,-0.0278463594567369,0.020704004350717,-0.00827584041779809,-0.0271244485365965,302184.495249621,414968.09226775,13039.4665572666,729480.255980032
20,0.245282497708439,-0.00209539957938512,0.00144598806310309,-0.0269506952065758,0.0533210127520716,0.000867271936516129,4.56745803165771,6.05796195199325,0,0,0,0,0,0,10.4549003306122,8.29931390176313,0.0162087065686618,-0.00806815519711412,-0.0278458201712737,0.0206328458681777,-0.00838628617361259,-0.0271200556958434,298464.128408034,404760.416969338,13037.7297943178,715583.958657508
21,0.242921571989783,-0.00174995469122713,0.00153116369599639,-0.0274468683442171,0.0523174556499261,0.000917150703792948,4.43705012308084,5.83043509699056,0,0,0,0,0,0,9.99102620213571,7.95892042303281,0.0161829902181556,-0.00806330059706487,-0.0277130473468278,0.020563715820185,-0.0084958430349793,-0.026988587570358,294713.881311529,395036.516292686,13040.5425828853,702143.183641184
22,0.240677477917428,-0.00142562964362062,0.00160036486397329,-0.0278651546056149,0.0512832950942237,0.000953255707832647,4.30744873705432,5.61291563188823,0,0,0,0,0,0,9.54637795388625,7.63164661446093,0.0161598336260736,-0.00805466864641085,-0.0274676238064054,0.0204959015912981,-0.00860564443728387,-0.0267492092748659,291002.686161988,385790.57177021,13047.4394640507,689221.044665358
23,0.238557990308017,-0.00112242408361372,0.00165347998729299,-0.0282185734946241,0.050231895446983,0.000975969517496774,4.18012357229212,5.40537561895493,0,0,0,0,0,0,9.12202777939093,7.31917477237984,0.0161402782936133,-0.00804476812609174,-0.0271289447133144,0.0204286212936208,-0.00871648461684985,-0.0264208493556408,287388.207502734,377009.65875176,13058.3612665614,676862.281623202
24,0.236567972437352,-0.000840390180187448,0.00169073247901024,-0.028519659608731,0.0491740863242052,0.000985935198558336,4.0562375854266,5.20761957410369,0,0,0,0,0,0,8.71856357333778,7.02268919330617,0.0161253213175199,-0.00803588448219236,-0.0267155083620399,0.0203610348308438,-0.00882879515826807,-0.0260215174453752,283917.072458129,368675.051253189,13072.9114192216,665094.795654932
25,0.23470986381518,-0.000579839669904459,0.00171321543054023,-0.0287801080061043,0.0481182367703954,0.000984365872835176,3.93649956358406,5.01949774526363,0,0,0,0,0,0,8.33641568997148,6.74267671751194,0.016115243512651,-0.00802988914591299,-0.0262443778246969,0.0202929364473912,-0.00894283767306791,-0.0255677030820905,280614.327396443,360778.30851071,13090.870575538,653935.192365032
26,0.232984127635227,-0.000341083815717314,0.0017234969592063,-0.0290105421592622,0.0470704218779209,0.000973357954135149,3.82107151076519,4.841070386965,0,0,0,0,0,0,7.97610328184139,6.47879527711815,0.0161089373489796,-0.0080279313505741,-0.0257308435405095,0.0202254464970957,-0.00905902642567453,-0.0250739689582697,277475.759743912,353333.595354158,13112.0495215115,643393.42400957
27,0.23138969618536,-0.000123705981536475,0.00172443349184755,-0.0292205404736875,0.0460349026275739,0.000955121783360253,3.70994424648249,4.67229389964638,0,0,0,0,0,0,7.63781566666041,6.23047162658544,0.0161050766302743,-0.00803063457987411,-0.0251883882972828,0.0201598553105017,-0.00917776138445978,-0.0245530803947048,274491.104177361,346350.570988073,13136.2843199887,633468.884469913
28,0.229924412545106,7.33811076130282e-05,0.00171889190055922,-0.0294186518096367,0.0450144851748884,0.000931787014703884,3.60300583614766,4.51301930580229,0,0,0,0,0,0,7.32144433633171,5.99702376499233,0.0161022831213533,-0.00803815773364213,-0.0246287051313897,0.0200974714868292,-0.00929943877938076,-0.0240160628738371,271647.606189557,339832.822733626,13163.4323325261,624152.406559999
29,0.228585394971605,0.0002518093827342,0.00170965498083463,-0.0296124469140672,0.0440108335977668,0.000905327880936855,3.5000662208795,4.36302612684841,0,0,0,0,0,0,7.02666360971649,5.77770633256229,0.0160991381297315,-0.0080502306506872,-0.0240617883474407,0.0200396226372596,-0.00942449127792718,-0.0234723058381346,268930.77309506,333779.529282675,13193.3689474722,615428.676286247
30,0.227369181244584,0.000413651842932893,0.00169933800689069,-0.0298085431776982,0.0430247049980579,0.000877502641726463,3.40088491187053,4.22204373558551,0,0,0,0,0,0,6.75296631865645,5.57173390140715,0.0160942138595925,-0.00806619063131145,-0.0234960097440838,0.0199876288814411,-0.00955340576695668,-0.0229296499241725,266325.409868514,328186.37085939,13225.9848787801,607278.178847468
31,0.225427595575254,0.0006763064176113,0.00229290707804697,-0.0295749084502331,0.0460889336736034,0.00127277610052951,3.29657296023761,4.09745665690788,0.0475571637650105,1,0,0,0,0,6.49609813498842,5.38235046350981,0.0160135872515493,-0.00801501661758265,-0.0224431380638872,0.019956707652178,-0.0102238580597994,-0.022779609575452,263136.552285054,323592.54708665,12939.0378876581,599668.137259362
32,0.224390228580821,0.000821377940961044,0.00228208695271275,-0.0297463086890014,0.0451308868234986,0.00123898868106562,3.20414456251244,3.97309395218518,0.0490116823262346,1,0,0,0,0,6.25820134277954,5.19916179997097,0.0159992051986686,-0.00804905345350556,-0.0218788354413537,0.0199188419978165,-0.0103808058062767,-0.0222341969714945,260717.54771865,318864.277939217,12987.452917274,592569.278575141
33,0.22343398511958,0.000958811315654654,0.00227096525727091,-0.0299194175511729,0.0442122665114467,0.00120400454303883,3.11535655648335,3.85616812595954,0.0516223156439016,1,0,0,0,0,6.03475239910433,5.02524512908482,0.0159818116902685,-0.0080865566050061,-0.0213217119991353,0.0198864358363828,-0.0105434325424873,-0.0216933040931817,258413.153737135,314515.576901615,13039.356713881,585968.087352631
34,0.222534258337705,0.00109229609379831,0.00226096543001637,-0.0300857941257215,0.0433771258878248,0.0011684044793464,3.03003195124086,3.74619635504729,0.0559896457304629,1,0,0,0,0,5.82341755981063,4.85927938371893,0.0159605269635981,-0.00812922294179924,-0.0207685070621352,0.0198591099414452,-0.01071646963576,-0.0211556474924466,256217.290232255,310522.073650147,13097.3932802563,579836.757162659
35,0.221674189762741,0.00122470797264764,0.00225604757487641,-0.0302397665617026,0.0426397279946367,0.00113468482075892,2.94801007907932,3.64269105145764,0.0611524642619362,1,0,0,0,0,5.62206980221835,4.70002726272918,0.015934916548476,-0.00817591808150684,-0.0202136866594283,0.0198365364857565,-0.0109039236633683,-0.0206217416748073,254126.336808781,306859.15150935,13162.6182651724,574148.106583304
36,0.220856175003454,0.00135622445211469,0.00225641826645933,-0.0303864145016411,0.0419455548424282,0.00110314751515085,2.8692993040511,3.54506990258156,0.0657932125567754,1,0,0,0,0,5.42885314666941,4.54629077255247,0.0159061373757101,-0.00822237598314096,-0.0196559598511665,0.0198181028134533,-0.0111016176077891,-0.0200912359579711,252149.576010059,303494.545763506,13232.1579665322,568876.279740098
37,0.220081169293692,0.00148674324855597,0.00225980216291452,-0.0305301172112439,0.0412535125842874,0.00107234913870009,2.79389551022582,3.45279737151961,0.0696780000228183,1,0,0,0,0,5.2420861305208,4.39697497524384,0.0158753149576706,-0.00826593111773376,-0.0190958011683628,0.0198031096886527,-0.0113045834857384,-0.0195619736543745,250294.904692493,300398.370691396,13303.7094437303,563996.984827619
38,0.219345300343131,0.00161653790464174,0.002264413069758,-0.0306721731262432,0.040546672832344,0.00104111257450614,2.72173972464925,3.36541090652731,0.0729203971781203,1,0,0,0,0,5.06023245846672,4.25110336002593,0.0158431759053492,-0.00830515597595675,-0.018532808507684,0.0197908976236944,-0.0115098289739517,-0.0190316596194793,248565.782731812,297545.357321966,13376.2527442161,559487.392797994
39,0.218647827113908,0.001745528156505,0.00226914067171719,-0.030815005075974,0.0398177327742862,0.00100878204483192,2.65273467520206,3.28249979432676,0.075628528371546,1,0,0,0,0,4.88260220045679,4.10833957501404,0.0158103238058199,-0.00833925788080178,-0.0179683509156619,0.0197809571195229,-0.011715342301843,-0.0185004883097925,246962.824183939,294913.701870306,13449.2310069152,555325.75706116
40,0.217993269016213,0.00187315624423807,0.00227347292458953,-0.0309634321921761,0.0390662063890285,0.000975187496391854,2.58674751929842,3.20370395259345,0.0779011023286168,1,0,0,0,0,4.70959321722981,3.96917250036123,0.0157772580040458,-0.00836816888032338,-0.0174067522274705,0.019772992929763,-0.0119199676121298,-0.0179720237908257,245483.978650206,292485.066708917,13522.4266151364,551491.47197426
41,0.217387088543061,0.00199860021008233,0.00227695581987546,-0.0311229956730471,0.0382898986357821,0.000940283983317117,2.52366418520752,3.12868703052914,0.0797745114795254,1,0,0,0,0,4.54165051437529,3.83409423660631,0.0157445687741971,-0.00839167119365566,-0.0168524520628588,0.0197666727536626,-0.0121221676089343,-0.017450027316492,244127.962831234,290242.103114541,13595.5198603112,547965.585806085
42,0.216832990662129,0.00212117326801982,0.00227938603621434,-0.0312981439854291,0.0374913680404252,0.00090418934244987,2.46336618889688,3.0571485153699,0.0813144527499434,1,0,0,0,0,4.37916905597256,3.70354504524569,0.0157127237740997,-0.0084098803034354,-0.0163092353344658,0.0197616717314346,-0.0123210107973421,-0.0169379695191983,242892.625900531,288169.480948332,13668.5505796753,544730.657428538
43,0.216335271651509,0.00223994309452895,0.00228050092452508,-0.0314938413163808,0.0366707259941259,0.000867063087179749,2.40575571893802,2.98880353082688,0.0825436781655038,1,0,0,0,0,4.22251430491828,3.57790916273639,0.0156822964103247,-0.00842276053619912,-0.0157808069929399,0.0197576069940202,-0.0125150735179377,-0.0164391865048202,241776.795606333,286252.374072082,13741.4213096048,541770.590988021
44,0.215896057828987,0.00235424050021051,0.00228030866754256,-0.0317134953742117,0.0358335250301902,0.000829199827553756,2.35072182831204,2.92340238851848,0.0835309421499141,1,0,0,0,0,4.07200746165975,3.45753331761287,0.0156536733658216,-0.00843076408247912,-0.0152700967420849,0.0197541366313569,-0.0127038335348198,-0.0159566199368469,240777.937943879,284478.122014662,13814.4492871758,539070.509245717
45,0.215518228055223,0.0024631528357052,0.00227871014520403,-0.0319610675163222,0.0349823566493566,0.00079089925458212,2.2981735139066,2.86070618390911,0.0843066504186024,1,0,0,0,0,3.92794950216078,3.34271864482095,0.0156273536393964,-0.00843420423944632,-0.0147800115472285,0.0197508645665976,-0.0128862415584368,-0.0154930657789419,239894.53647046,282834.330632845,13887.7664343285,536616.633537634
46,0.215204109717125,0.00256576943594365,0.00227565363407671,-0.0322400928761705,0.0341206278241641,0.000752508312242405,2.24802336025849,2.8004953182706,0.0849050968155088,1,0,0,0,0,3.79061509535078,3.23373165185991,0.0156038093396846,-0.00843355982861634,-0.0143131139044532,0.0197473868637707,-0.013061382942925,-0.0150510590818846,239124.9731221,281309.620378752,13961.5767281151,534396.170228968
47,0.214955485110909,0.00266120562799398,0.00227112771908082,-0.032553641732321,0.0332524506658701,0.000714407431951852,2.20018640535103,2.74256837035295,0.0853647128673838,1,0,0,0,0,3.66025472979208,3.13080949026516,0.0155834786351314,-0.00842948646122136,-0.0138716242811771,0.0197432983900573,-0.0132285085955705,-0.0146328680053333,238467.486064727,279893.594481898,14036.1412045522,532397.221751177
48,0.21477365116563,0.00274861596572629,0.00226514797450863,-0.03290432767785,0.0323824099276087,0.00067699525025902,2.15457982190549,2.68674067399037,0.0857269706160551,1,0,0,0,0,3.53709675011597,3.03416470389678,0.0155667651242377,-0.00842281248464968,-0.0134574398805572,0.0197381969440234,-0.013387036433672,-0.0142404966474957,237920.180437215,278576.775733282,14111.7546079437,530608.710778441
49,0.214659584092511,0.00282718022061546,0.00225773151617704,-0.0332943940653272,0.0315151025053223,0.000640672279180149,2.11112419734695,2.6328420032925,0.0860329216260537,1,0,0,0,0,3.42134996120505,2.94398889933773,0.0155540518718115,-0.00841452216913637,-0.0130721782050035,0.0197316804704942,-0.0135365011954004,-0.0138756981417567,237481.145800867,277350.4622491,14188.7089163198,529020.316966287
50,0.214613447457365,0.0028962393322194,0.00224895418983568,-0.0337252582975977,0.0306562000077741,0.000605836356718304,2.06973640019415,2.58072016342999,0.0863345782879919,1,0,0,0,0,3.31320019591795,2.86046061050671,0.0155456341795639,-0.0084058767885552,-0.0127170332504022,0.0197233793798053,-0.0136768777200637,-0.0135399056799396,237147.988479648,276207.069956991,14267.3640193388,527622.422455978
51,0.214635558411696,0.00295509145075226,0.00223882769799156,-0.0341983313002145,0.0298102312332258,0.000572858970961078,2.03034158421366,2.53023155461277,0.0866729117205527,1,0,0,0,0,3.21281922720871,2.78374267966482,0.015541835535302,-0.0083981807452287,-0.0123930746317237,0.0197129078411401,-0.0138080260234623,-0.0132343783464981,236918.684227872,275139.384238892,14347.9929164588,526406.061383223
52,0.214725959268615,0.00300309845245152,0.00222735148237698,-0.0347146593587936,0.0289816265834313,0.000542088337690108,1.99286734827885,2.4812439846521,0.0870881326564113,1,0,0,0,0,3.12036164635844,2.71398853714392,0.0155429542544944,-0.00839287336251347,-0.012101135013743,0.0196998865902955,-0.0139299440951281,-0.0129601595441074,236791.19328108,274140.826809195,14430.8567703767,525362.876860652
53,0.214883721766678,0.00303987726112077,0.00221459810083635,-0.0352742865729482,0.0281761064669908,0.000513845064261207,1.95723408228646,2.43364238528431,0.0876331923530447,1,0,0,0,0,3.03595857525711,2.65135100160609,0.0155491667242633,-0.00839167671099522,-0.0118416045426561,0.0196839903276249,-0.0140432190877043,-0.0127179783423319,236762.813058059,273205.966902406,14516.3027544833,524485.082714948
54,0.215035803623847,0.0030854236695866,0.00220406778627898,-0.0358433816888906,0.027314883211736,0.000484528242186596,1.92236583614226,2.3885695090243,0.0877402393442741,1,0,0,0,0,2.94535336716526,2.58159991418812,0.015550237316684,-0.00836179081502789,-0.0115648345968486,0.0196745803795142,-0.0141410944590294,-0.0124557553917984,236761.483988111,272434.263924689,14600.5040981526,523796.252010952
55,0.215199546973325,0.00312977868562084,0.00219301300770891,-0.0364263848780429,0.0264526710227279,0.000455402158910566,1.88884850947954,2.34513262602413,0.0878582646982617,1,0,0,0,0,2.85355566590483,2.51064825075099,0.0155522004949661,-0.00832190326897929,-0.0112870354961582,0.0196652209772919,-0.014228191381633,-0.0121923951420026,236830.015280043,271754.430857231,14686.5123650697,523270.958502344
56,0.215408572081934,0.00316326819737725,0.00217972570442636,-0.0370405210153324,0.0256220708229746,0.000428366532096702,1.85706285267742,2.30269858075663,0.0882158841969967,1,0,0,0,0,2.76689555677641,2.44470994652948,0.015559907526149,-0.00828714494859862,-0.0110308346120192,0.0196515129543325,-0.01430609303652,-0.0119513959442618,236997.241793186,271117.001459337,14775.8086349195,522890.051887443
57,0.215660963910269,0.00318716881067489,0.00216483445037152,-0.0376855798059388,0.0248196799673556,0.000403532536095212,1.82682798409617,2.26131628429251,0.0887862522131522,1,0,0,0,0,2.68501682634312,2.38322964530562,0.0155724497421598,-0.00825624305828705,-0.0107948891291009,0.0196343396658678,-0.0143749666830111,-0.0117312707749377,237252.948690394,270529.398871048,14868.1888484397,522650.536409881
58,0.215955034141856,0.00320264590588733,0.00214886543365009,-0.0383614192557183,0.0240426122545264,0.000380962784857774,1.79798822747588,2.2210170179357,0.0895444850469162,1,0,0,0,0,2.60758973163032,2.32572992560279,0.015589046757332,-0.00822802656718479,-0.0105779886647647,0.0196144583672398,-0.0144349806455274,-0.0115307061753608,237588.510505022,269997.355231349,14963.4965130199,522549.362249391
59,0.216289366382819,0.0032107364417135,0.002132248924867,-0.0390680275848157,0.0232882883246996,0.000360682794537352,1.77041020726525,2.18181721830404,0.0904666896050262,1,0,0,0,0,2.53431007544966,2.27179797781823,0.0156090395590501,-0.00820140463443601,-0.0103790639683306,0.019592512111255,-0.0144862488895707,-0.011348550283477,237996.695114596,269525.15161773,15061.6034590267,522583.450191353
60,0.216662897870668,0.00321232072619722,0.00211531854533046,-0.0398056231410107,0.0225542128012538,0.000342692023652362,1.74398108634296,2.14372022214357,0.0915286421224733,1,0,0,0,0,2.46489869949898,2.22107419698996,0.0156318926225037,-0.00817534116457179,-0.0101972088802508,0.0195690348832393,-0.0145287494026848,-0.0111838123812706,238471.550274489,269115.774588501,15162.3908950256,522749.715758016
61,0.217074521408811,0.00320824010047824,0.00209836991678146,-0.040574280340758,0.0218385452504184,0.000326965033068586,1.7186005852145,2.10672239801791,0.0927121427113074,1,0,0,0,0,2.39909588734374,2.17324722078254,0.0156571231738775,-0.00814892405374679,-0.0100315476128047,0.0195444955790212,-0.0145625831671455,-0.0110355769718953,239007.861885379,268771.44418512,15265.7852191638,523045.091289663
62,0.217523344894633,0.00319922205191636,0.00208163510192907,-0.0413741920044826,0.0211395837222087,0.000313461115311159,1.69418258327498,2.07081222440308,0.0940002107148468,1,0,0,0,0,2.33666266778134,2.12804433227959,0.0156843324162534,-0.00812130433760473,-0.00988131315433558,0.0195192861178945,-0.014587781502581,-0.0109030387273924,239601.274460748,268493.548947626,15371.7218378935,523466.545246268
63,0.218008705061181,0.00318587550391606,0.00206528634049584,-0.0422056973681775,0.0204556999493454,0.000302130397499814,1.67065364334702,2.03597148535858,0.0953767438414511,1,0,0,0,0,2.27737968731021,2.08522527284189,0.0157132018682587,-0.00809168774441518,-0.00974584830971658,0.019493726966665,-0.0146042797463203,-0.0107854966656037,240248.199839585,268282.75945047,15480.1391886135,524011.098478669
64,0.218529862037937,0.00316878836350075,0.00204948097415703,-0.0430689830915167,0.0197857440052086,0.000292911446119413,1.64794731614305,2.002179530214,0.096830552307302,1,0,0,0,0,2.22104260059536,2.04458024446885,0.0157434381992983,-0.00805938348164198,-0.0096245017771109,0.0194681016080452,-0.0146121289630126,-0.0106822880279858,240945.432010694,268139.39881612,15591.0066781836,524675.837504998
65,0.219086243778403,0.00314845432302929,0.00203433413108733,-0.0439643351688495,0.0191286223200634,0.000285739668165257,1.62600639496555,1.96941164110524,0.0983512698664352,1,0,0,0,0,2.16746352615503,2.00592331435245,0.0157748073144939,-0.00802375218599031,-0.00951670434375516,0.0194426403160629,-0.0146113111705651,-0.0105928275530458,241690.312617668,268063.317080256,15704.2952968205,525457.924994745
66,0.219677270298092,0.00312533133307658,0.00201994562335783,-0.0448919661986535,0.0184835114050952,0.000280545988867051,1.60477945749733,1.93764157414417,0.0999313833367672,1,0,0,0,0,2.11646797767337,1.96909062181119,0.0158071011630148,-0.00798423074485155,-0.00942190786377897,0.0194175415850016,-0.0146018618932311,-0.0105165677911655,242480.499078207,268054.115475189,15819.9931883854,526354.607741781
67,0.220302513523786,0.0030997923719099,0.00200638162054259,-0.0458521855389284,0.0178495998510523,0.000277263177151556,1.58422228694283,1.90684045501967,0.101563766059845,1,0,0,0,0,2.0678956162666,1.93393575490747,0.0158401608332389,-0.00794029969168517,-0.00933963533080204,0.0193929607635682,-0.0145837437646528,-0.0104530254768244,243314.071575645,268111.063739419,15938.0871281454,527363.22244321
68,0.220961448631718,0.00307220984940265,0.00199371091863346,-0.0468451452325734,0.0172263911683278,0.000275820890058914,1.56429367101506,1.87697985225986,0.103244436519983,1,0,0,0,0,2.02159645625797,1.9003297439689,0.0158738310663388,-0.00789151822860965,-0.00926939583354308,0.0193690385532339,-0.0145570307268664,-0.0104017280044736,244189.246798482,268233.366883032,16058.5859204019,528481.199601916
69,0.221653638443625,0.00304289781623426,0.00198198223879103,-0.0478710350944143,0.0166134244970076,0.00027615195185216,1.54495741137928,1.84803019985452,0.104969908700823,1,0,0,0,0,1.97743205480945,1.86815700605123,0.0159079886547521,-0.00783748870331344,-0.00921074362204904,0.0193458859463297,-0.0145217638232679,-0.0103622461542487,245104.52450946,268420.041087974,16181.5002559894,529706.065853423
70,0.222378632891389,0.00301214780837864,0.00197123976159675,-0.0489299808447575,0.0160103816143151,0.000278190593078592,1.5261804118182,1.81996214250935,0.106738133413578,1,0,0,0,0,1.9352735348762,1.83731452071955,0.0159425227406512,-0.00777786753841003,-0.00916324288090857,0.0193235972409095,-0.0144780247601102,-0.0103341708675966,246058.559483544,268670.033840839,16306.8516683729,531035.444992756
71,0.223136046445135,0.00298020462996013,0.0019615137603933,-0.0500221296461889,0.0154169703768088,0.000281875690455389,1.50793335034162,1.79274593068497,0.108547417802908,1,0,0,0,0,1.89500172795419,1.80770942542061,0.0159773464605746,-0.0077123496899891,-0.00912649212367443,0.0193022441304631,-0.0144258713397284,-0.010317126314024,247050.213949661,268982.180057484,16434.6639384017,532467.057945547
72,0.223925472469023,0.00294729756248873,0.0019528337317605,-0.0511475617691353,0.0148330113949282,0.000287148752639797,1.49018911979716,1.76635249953386,0.110397174458517,1,0,0,0,0,1.85650548092217,1.77925853865069,0.0160123800681402,-0.00764067681806718,-0.00910009434504199,0.0192818868799593,-0.0143654018620041,-0.0103107501763156,248078.452677248,269355.298395799,16564.9708232414,533998.721896288
73,0.224746506754462,0.00291363429293595,0.00194522610528869,-0.052306317867621,0.0142583912264171,0.000293955080606872,1.47292286213909,1.7407533437106,0.112287479451315,1,0,0,0,0,1.81968128972877,1.75188693263767,0.0160475535201774,-0.00756262975488657,-0.00908366388995362,0.0192625736502581,-0.0142967340710343,-0.0103146964208127,249142.349429231,269788.186221268,16697.8131062259,535628.348756725
74,0.225598757210044,0.002879399016093,0.00193871355823139,-0.0534984119643212,0.0136930378669275,0.000302244479091946,1.45611185388663,1.71592050138493,0.114218847406269,1,0,0,0,0,1.78443283414693,1.7255268056604,0.0160828070458761,-0.00747802385537303,-0.00907682892639427,0.0192443408408262,-0.0142199944506927,-0.0103286356824032,250241.082699854,270279.623242375,16833.2371869962,537353.943129225
75,0.226481907248245,0.00284473071512486,0.00193330612904551,-0.0547239040164612,0.0131368447677046,0.000311973924624489,1.4397361808218,1.69182592939626,0.116191584356521,1,0,0,0,0,1.75067121458269,1.70011591395041,0.0161181022056619,-0.00738669965644301,-0.00907925202886098,0.0192272066416739,-0.0141352621452179,-0.0103522673218033,251373.987299648,270828.323999218,16971.2885961867,539173.599895052
76,0.227395335049994,0.00280986164754838,0.00192905782238425,-0.0559824815576658,0.0125900547314784,0.000323093702146425,1.42377323711589,1.66844564017105,0.118209032146783,1,0,0,0,0,1.71830988404334,1.67560086840204,0.0161533492345351,-0.00728855901606776,-0.00909050245397829,0.0192112174662946,-0.0140428850720112,-0.0103852379349573,252540.166412317,271433.286527131,17112.0485954182,541085.501534865
77,0.228338722439082,0.00277489925102969,0.00192597731830238,-0.057274132370749,0.0120526124337936,0.000335569853709603,1.40820610290247,1.64575315712496,0.120272074804619,1,0,0,0,0,1.68727153125719,1.65192995437448,0.0161885208032422,-0.00718349799546899,-0.00911025951167505,0.0191963766614004,-0.0139429699578186,-0.0104272686100171,253739.08950128,272093.250790974,17255.5749794275,543087.915271682
78,0.229311898570495,0.0027398804165608,0.00192404986188134,-0.0585989798577851,0.0115243489564299,0.000349379309690956,1.39302120139851,1.62372119327327,0.122380773168536,1,0,0,0,0,1.65748584479889,1.62905419664901,0.0162236239397398,-0.00707142818316482,-0.00913825960572466,0.0191826617926601,-0.0138355029061514,-0.0104781221583699,254970.43041371,272806.842442825,17401.9172481861,545179.19010472
79,0.230314113797663,0.00270503940714572,0.00192334712711099,-0.0599564707860771,0.0110056673350142,0.000364481623193431,1.37819811736838,1.60232946346258,0.124540042161559,1,0,0,0,0,1.62888032150515,1.60693462834727,0.0162585589702303,-0.00695233397994526,-0.00917405445131493,0.0191701157028355,-0.0137209700107867,-0.0105374473136581,256233.341688223,273573.225538091,17551.1865748433,547357.753801157
80,0.231345055536355,0.00267043580444117,0.0019238744133021,-0.0613465114059111,0.0104965476748449,0.000380858199546785,1.36372364764688,1.58155370676961,0.126751384128955,1,0,0,0,0,1.60139226569175,1.58553094508592,0.0162933149304607,-0.00682618250853456,-0.00921734955891916,0.0191587215085288,-0.0135994885598648,-0.0106049946203599,257527.460014318,274391.192139821,17703.4577270682,549622.109881207
81,0.232404362239059,0.0026361319008419,0.00192564313120641,-0.0627689282010225,0.00999702564112167,0.000398493845001041,1.34958495804201,1.56137089377499,0.129016902565066,1,0,0,0,0,1.57496260630096,1.56480631031545,0.0163278765247368,-0.00669296713700666,-0.009267842054608,0.019148462122871,-0.0134712163865194,-0.0106805127899848,258852.42033455,275259.598269854,17858.8160406397,551970.834645044
82,0.233491285160997,0.00260231985491862,0.00192872340489297,-0.0642230824452275,0.00950747210707794,0.000417362927237113,1.33576492185615,1.54176279818613,0.131341565911217,1,0,0,0,0,1.54953149727643,1.54473060199751,0.0163621564020732,-0.00655272301381713,-0.00932510955707781,0.0191393649474831,-0.0133366493529486,-0.010763675088808,260207.521396292,276177.662717629,18017.3901502202,554402.574264141
83,0.234605688977998,0.0025689474699505,0.00193308901541112,-0.0657090088811627,0.0090277142675632,0.000437469875277636,1.32225579792374,1.52270522701846,0.133726085506599,1,0,0,0,0,1.5250502833293,1.52526940762456,0.0163961937529896,-0.00640546674951766,-0.00938894056846769,0.0191313721183349,-0.0131957400275755,-0.0108542949828845,261592.711619201,277144.074826932,18179.2555182828,556916.041964416
84,0.235746967211395,0.00253612301832155,0.00193878473279523,-0.0672261843512465,0.00855798202745727,0.000458805401908607,1.30904433509091,1.50417958603343,0.136174626459962,1,0,0,0,0,1.50146805494741,1.50639531847586,0.0164299395165356,-0.00625126035623779,-0.00945897672556231,0.0191244809412063,-0.0130488471182623,-0.010952092006417,263007.519020672,278157.957009378,18344.5392849435,559510.015314993
85,0.236914419297173,0.00250397441552525,0.00194586826617459,-0.0687739539925984,0.00809855744134451,0.000481361643652114,1.29611698516548,1.48616874636485,0.138691961243772,1,0,0,0,0,1.47873606627489,1.48808361366905,0.0164633306417298,-0.00609018311967283,-0.00953483840757395,0.0191186957617816,-0.0128964058594559,-0.0110567726195252,264451.426308483,279218.523160474,18513.3841687461,562183.333637703
86,0.238107653531637,0.00247249637065934,0.00195434601227942,-0.0703519974082347,0.00764945553956714,0.000505148834466125,1.28346530162762,1.46865272811543,0.141280953993791,1,0,0,0,0,1.45681246083345,1.47030778041518,0.0164963721947041,-0.00592231806757673,-0.00961625629215751,0.0191139734260679,-0.0127385625409789,-0.0111681178743934,265924.263630673,280324.722322559,18685.9095962263,564934.895549458
87,0.239326100403752,0.00244173265040274,0.00196424886535367,-0.0719597710937936,0.00721082060146622,0.000530175381183226,1.2710793525407,1.4516138043087,0.143945775755219,1,0,0,0,0,1.43565619088104,1.45304445896817,0.0165290399645316,-0.00574777285706768,-0.00970291237214865,0.0191102875414299,-0.0125756055306848,-0.0112858777888243,267425.733728421,281475.663844481,18862.2590645483,567763.656637451
88,0.240569105910847,0.00241174009134719,0.00197561721040857,-0.0735966150098961,0.00678284036940916,0.000556451700957205,1.25894902004003,1.43503542287072,0.146691247885654,1,0,0,0,0,1.41522802766822,1.43627224188846,0.0165612995073434,-0.00556667383092571,-0.00979447133303474,0.0191076159817571,-0.0124078806064603,-0.0114097914743911,268955.506474799,282670.529350635,19042.5914521078,570668.627277542
89,0.219591071166075,-0.00365647734046859,0.00218192842364548,-0.0492602881310453,0.0257607296861242,0.00345086039531741,1.4051899336364,1.20183003469187,0.302511757405553,1,0,0,0,0,1.53065934065598,1.20302691486016,0.0186102048433206,-0.0215799342659849,-0.00259007464959701,0.0156130076072574,-0.0165344196407722,-0.00671192700853402,282759.897165341,267256.096390706,23452.0189829843,573468.012539031
90,0.220889873190614,-0.00357739329238314,0.00218090665498897,-0.0508780814165473,0.0249186910902308,0.00344075648620309,1.38940515041146,1.19097939117651,0.303172217871481,1,0,0,0,0,1.50883515526002,1.19201229569367,0.0186074651936596,-0.0213453730336192,-0.00271850415816924,0.0156515356445103,-0.0163656746412666,-0.0068546095344904,284034.559488612,268893.418147992,23568.7049052283,576496.682541833
91,0.222186857183613,-0.00350435146318293,0.00218529611834299,-0.0524978359384199,0.0241222044091967,0.00343736204352379,1.37409700628138,1.18021801257286,0.304168419531298,1,0,0,0,0,1.48777758341996,1.1811096036316,0.0186062760128956,-0.0211170940721809,-0.00284196410867949,0.0156873719717073,-0.0161994669282741,-0.00700048009093273,285355.818133474,270548.55013475,23700.6055245461,579604.97379277
92,0.223489716792414,-0.00343822185039007,0.00219375615776226,-0.054128273613552,0.0233634459577746,0.00344019302639124,1.35929017716034,1.16952316352355,0.305441447816844,1,0,0,0,0,1.46749540424057,1.17029296617132,0.0186073473282115,-0.0208932983682827,-0.0029631589910419,0.0157203203824901,-0.0160305119761866,-0.00715076371016064,286726.171463439,272220.158764746,23845.3111926575,582791.641420842
93,0.224792485627627,-0.00337814116898236,0.00220699509581094,-0.0557619857912529,0.0226452152437668,0.00344956583507746,1.3449393721003,1.15890770900807,0.307018125596652,1,0,0,0,0,1.44793147954248,1.15957250722904,0.0186101452741288,-0.0206757787357759,-0.00307990309549189,0.0157505302033326,-0.0158626223138118,-0.0073041758832095,288142.340498292,273909.406254713,24003.7905228124,586055.537275817
94,0.226093651074126,-0.00332382556040728,0.00222504115992574,-0.0573968246296417,0.0219668099768489,0.00346552774804216,1.33102361602352,1.14837263494373,0.308895427264153,1,0,0,0,0,1.42905243870342,1.1489468749228,0.0186145449488943,-0.0204651225298675,-0.00319164837715437,0.0157780360856254,-0.01569660622758,-0.0074602660714347,289603.032199987,275616.61567256,24175.952052319,589395.599924866
95,0.227390759567889,-0.00327488165484543,0.00224803891174723,-0.0590295204972915,0.0213281662001565,0.00348816260530323,1.31751823396038,1.13792118885709,0.311074378004996,1,0,0,0,0,1.41082196934252,1.13841730680956,0.0186203377951204,-0.0202621404504176,-0.00329755535816557,0.0158028966112929,-0.0155338678999035,-0.00761841024421461,291106.632804962,277342.265062377,24361.9467159223,592810.844583262
96,0.228681888051948,-0.00323096555821411,0.00227602782352497,-0.0606574341134453,0.0207287622990432,0.00351748752850683,1.3044014555809,1.12755591143907,0.313551042366191,1,0,0,0,0,1.39320713518057,1.12798461781135,0.0186273529600997,-0.0200674553399466,-0.00339702468493967,0.0158251689209642,-0.0153754514264423,-0.00777807612136752,292651.751873196,279086.77813544,24561.8229512668,596300.352959902
97,0.229964357745364,-0.00319163018303243,0.0023091132186368,-0.0622770172077252,0.0201685138740576,0.00355351584071708,1.29164826900294,1.11728162113221,0.316323902910456,1,0,0,0,0,1.37617243519241,1.11765214187522,0.0186353443891731,-0.0198818502529158,-0.00348925453033135,0.015844938801449,-0.0152228848611434,-0.00793857188782921,294236.715917607,280850.735671073,24775.8115378212,599863.263126501
98,0.231234107021744,-0.0031562613734032,0.00234753118868685,-0.0638830455759533,0.019648118528379,0.00359627750960717,1.27922791420024,1.10710653550464,0.319396617941665,1,0,0,0,0,1.35967731911708,1.10742681889745,0.0186439399995517,-0.0197064432803503,-0.00357304304529383,0.0158623327839686,-0.0150785763514044,-0.00809891431980054,295859.360912675,282634.956023184,25004.442628423,603498.759564282
99,0.232489256165189,-0.00312443092895764,0.00239115392796617,-0.0654729116199753,0.0191666448258092,0.00364558219795864,1.26711849058447,1.09703605062058,0.322758414252288,1,0,0,0,0,1.34369031477081,1.09731294888628,0.0186529218868574,-0.0195416720368122,-0.00364803561144607,0.0158774660986899,-0.0149435427623613,-0.00825849013323998,297518.236906123,284440.053722503,25247.7730238315,607206.063652457
100,0.233728623274865,-0.0030957221862313,0.00243969675841471,-0.0670448566884306,0.0187226157199728,0.0037010984342252,1.25529986190827,1.08707610337587,0.326393260853719,1,0,0,0,0,1.32818217195179,1.08731552590942,0.0186620966855506,-0.0193876987036778,-0.00371420284883912,0.0158904758051684,-0.0148183880237748,-0.00841677082846013,299212.023895404,286266.677474544,25505.7235891778,610984.424959127
101,0.234944453749959,-0.00306903692711189,0.00249362874765967,-0.0685891523075527,0.018318523193469,0.0037627612481349,1.24372534687937,1.07724500119342,0.330315930465689,1,0,0,0,0,1.31309825279499,1.07745204089302,0.01867073361994,-0.0192464892506902,-0.0037693951289004,0.01590162489952,-0.0147078782284818,-0.00857190812462923,300937.192077552,288116.352999454,25779.5687888256,614833.113865832
102,0.236143378013284,-0.00304459524798203,0.00255151285161295,-0.0701135167486191,0.017947753934343,0.00382955289570567,1.23240346201352,1.06753912900819,0.334468216635839,1,0,0,0,0,1.29843808973386,1.06771818602111,0.0186791829286908,-0.0191158233342599,-0.00381642017059167,0.0159110048450351,-0.0146077533121932,-0.00872475257653113,302694.757006366,289989.040890709,26067.6179890212,618751.415886096
103,0.237310227052173,-0.00302052323196614,0.00261451242877798,-0.0715991834094593,0.0176168424256008,0.00390154418732451,1.22125852759697,1.05799092504665,0.338895072373794,1,0,0,0,0,1.2841195168979,1.05814578933484,0.0186860979863663,-0.0189996641463804,-0.00385090493440955,0.0159190391380958,-0.0145274273791997,-0.00887187031460459,304478.756029234,291887.267580545,26372.6044296942,622738.628039472
104,0.238457373707988,-0.00299747313274353,0.00268036659930756,-0.0730608995296794,0.0173156934259703,0.00397718510292808,1.21031876106233,1.04859068012292,0.343511367344123,1,0,0,0,0,1.27016209480803,1.04872463110698,0.0186922091642488,-0.018894013858821,-0.00387771653319829,0.0159258002515357,-0.014459128094204,-0.00901511998316717,306291.806000966,293810.549622563,26691.7024592533,626794.058082782
105,0.239571228063486,-0.00297368719579884,0.00274980565334301,-0.0744817865373532,0.0170493845134345,0.00405617209027243,1.19951531024914,1.03936921907735,0.348349670079331,1,0,0,0,0,1.25649090728664,1.03948508350572,0.0186962639104312,-0.0188023054667535,-0.00389326928149132,0.0159317278639941,-0.014411234749317,-0.00915121700717802,308128.475317183,295761.29215138,27027.2576496069,630917.025118171
106,0.24068037157316,-0.00295126562763412,0.00281891623157902,-0.0758965409903245,0.0167994773898773,0.00413625967350492,1.18893474709878,1.03029293193979,0.353265426445453,1,0,0,0,0,1.24318335904236,1.03039316229648,0.0187001956662274,-0.0187158090811563,-0.00390751563028101,0.0159366825689661,-0.0143660790102918,-0.00928533588764253,309996.196969434,297737.289986052,27373.4180760249,635106.905031511
107,0.241796563340871,-0.00293113614010471,0.0028863969254913,-0.0773194706988666,0.0165587339799456,0.0042168417319912,1.17861072260398,1.0213433561595,0.358203044226676,1,0,0,0,0,1.2302652701651,1.02143007402878,0.0187048467635194,-0.0186308659030872,-0.00392428115871235,0.0159405541172959,-0.0143162956842343,-0.00941987649664832,311898.018773518,299737.405900015,27727.9340967511,639363.358770284
108,0.242928732109641,-0.00291411362349778,0.00295158206816669,-0.0787615047238664,0.0163223192733866,0.00429782095898758,1.16856996143034,1.01250229645411,0.363127086507941,1,0,0,0,0,1.21775601712744,1.01257733612248,0.018710919170032,-0.0185447340436977,-0.00394616816802781,0.0159431865988373,-0.0142562301529694,-0.00955692408329218,313836.411824141,301760.511160318,28089.261233559,643686.184218018
109,0.244065119342868,-0.00289922020394758,0.00301589387180865,-0.0802081772161772,0.0160962742511258,0.00437992359327931,1.15876741583344,1.00378064079363,0.36808133364838,1,0,0,0,0,1.20560493989591,1.00384558348154,0.0187175957204064,-0.0184606950790898,-0.0039693377419256,0.0159446807103174,-0.0141927975241555,-0.00969434124752176,315807.883773408,303807.553241735,28459.780218314,648075.217233456
110,0.245206960327699,-0.00288664874827353,0.00307941347584153,-0.081660955030527,0.0158797228116289,0.00446336664137626,1.14920491330538,0.995170124409315,0.373058586347997,1,0,0,0,0,1.19380765753587,0.995226336439031,0.0187250357818483,-0.0183782809058557,-0.00399403214094422,0.0159449575782552,-0.014124929028809,-0.00983264985189541,317812.822600802,305878.102589256,28839.4057619498,652530.330952008
111,0.246355365968075,-0.00287659582189001,0.00314225495738324,-0.0831211634674821,0.0156719557335652,0.00454840730479334,1.13988429303033,0.986662451885077,0.378053154217228,1,0,0,0,0,1.18236013964602,0.986711113952906,0.0187333979862753,-0.0182970767740497,-0.0040204353163286,0.0159439304709564,-0.0140516072903642,-0.00997236807231551,319851.611677699,307971.721135759,29228.1023000722,657051.435113531
112,0.247502059698758,-0.00286848716834246,0.00320538222691484,-0.0845785369770254,0.015476744926149,0.00463561089374618,1.13077692274523,0.978261557592442,0.38308984871205,1,0,0,0,0,1.17122868470912,0.978303688820365,0.0187421717570139,-0.0182194045095082,-0.00404592431607553,0.0159416212340689,-0.0139774137437903,-0.0101120698015769,321922.091220893,310088.843012827,29627.5414664652,661638.475700185
113,0.248642765103498,-0.00286212363978507,0.00326935955339844,-0.0860277112667383,0.0152957278566026,0.00472541109535456,1.12186916429434,0.969965249574426,0.388177530061487,1,0,0,0,0,1.16039458214408,0.970001730497258,0.0187511556625469,-0.0181464306697613,-0.00406912991089077,0.0159379903328445,-0.0139044468149567,-0.0102511712739827,324023.337575585,312229.458265001,30038.6385037354,666291.434344322
114,0.249788584924431,-0.00285859291416062,0.00333341989413121,-0.0874823540435518,0.0151235550160947,0.00481783500422164,1.11319783147217,0.961751118764468,0.393278838208194,1,0,0,0,0,1.14988909695977,0.961782711894508,0.0187612612175418,-0.0180748905633858,-0.00409321409461599,0.0159327983396036,-0.0138255822469189,-0.0103923270373674,326158.628124211,314392.099544815,30459.6001153318,671010.327784358
115,0.250918115178299,-0.0028563248975795,0.00339962371848471,-0.0889158870442874,0.0149695934859373,0.00491384302420582,1.10469552585141,0.953638498463853,0.398452767909696,1,0,0,0,0,1.13964108816536,0.953665861089514,0.0187710833575333,-0.0180109089925916,-0.00411177727715325,0.0159262013892799,-0.013753061942873,-0.0105314123533141,328322.541306399,316578.293471468,30894.3724817563,675795.207259624
116,0.252031843687616,-0.00285558691840717,0.00346811621489114,-0.0903287985987566,0.0148330862449137,0.00501379424626596,1.09636707893014,0.945617757618825,0.403690395436519,1,0,0,0,0,1.12965078343846,0.945641458494207,0.0187808032604788,-0.0179542816135515,-0.0041249029390715,0.0159180744231445,-0.0136859925216731,-0.010668908732246,330515.668551844,318787.481945168,31343.0074190409,680646.157916053
117,0.253131600737109,-0.00285675961427916,0.00353895780030783,-0.0917232574836973,0.0147128148347601,0.00511805456087247,1.08822162337971,0.937677634641038,0.408980304126433,1,0,0,0,0,1.11992291712515,0.937698165998278,0.0187907024201538,-0.0179044289214754,-0.00413303804945957,0.0159082699671481,-0.0136226693249022,-0.0108056043579953,332738.958343206,321018.984987951,31805.3547944082,685563.298125564
118,0.254215393402472,-0.00285992363879775,0.00361255062858602,-0.0930966937634177,0.0146092735538579,0.00522712446673969,1.08025656866686,0.929811634414085,0.41432193283004,1,0,0,0,0,1.1104508981224,0.929829422030693,0.0188007982651459,-0.0178618740142958,-0.00413550750771108,0.0158966820937686,-0.0135636374168671,-0.0109415126883484,334992.375498033,323272.461175189,32281.9414084498,690546.778081672
119,0.255276999004764,-0.00286484220874547,0.00368965768303503,-0.0944412680838745,0.0145246685705423,0.00534163918148291,1.07245710380419,0.922018186747859,0.419724459192177,1,0,0,0,0,1.10121627357196,0.922033598764994,0.0188108226090893,-0.0178283409129066,-0.00413042852469187,0.0158832506795108,-0.0135119109099501,-0.0110757949518353,337274.854305781,325547.91968557,32774.0044686749,695596.778460025
120,0.256278776990095,-0.00286864792504237,0.00377329112934217,-0.0957099534019655,0.0144730297778267,0.00546255331462685,1.0647100807067,0.914338468209256,0.425252893910876,1,0,0,0,0,1.09210365524984,0.91435182168335,0.0188182261936386,-0.0178142572729466,-0.00410733192321992,0.0158684119347108,-0.0134891517893403,-0.0112008429606574,339577.058370608,327848.441779,33287.8058423914,700713.305991999
121,0.257203619212338,-0.00286952028034377,0.00386382180289511,-0.0968811698569813,0.0144579903063202,0.00558896174952984,1.05695112958936,0.906804545820976,0.430879250762129,1,0,0,0,0,1.08304618500898,0.906816114779802,0.0188215925126637,-0.0178236759358999,-0.00406259172601881,0.0158526859920688,-0.0135052716739514,-0.0113125166958902,341893.71085135,330176.453228086,33825.6703977186,705895.834477154
122,0.258055677732809,-0.00286720566625711,0.00395963522881268,-0.0979598292576967,0.0144743311591445,0.00571908899704831,1.04917760328402,0.899425487026096,0.436523233036161,1,0,0,0,0,1.074038149772,0.899435509121024,0.0188209315214478,-0.0178545820121751,-0.00399884985133811,0.0158363903276073,-0.0135576805312457,-0.0114108767234312,344224.708520271,332532.722441489,34386.2830521249,711143.714013885
123,0.258839383918015,-0.00286155165973445,0.00405912203648788,-0.0989512339943313,0.0145169840093101,0.00585118644416088,1.04138967942047,0.892207733789477,0.442115241544204,1,0,0,0,0,1.06507671451886,0.892216415136847,0.018816309896072,-0.0179050010514072,-0.00391876671532433,0.0158197969271063,-0.0136435517226444,-0.0114960630153088,346570.185734036,334917.825129086,34968.2997612216,716456.310624344
124,0.259566292289849,-0.00285305436691309,0.00416028051858829,-0.0998696364025498,0.0145787147521281,0.00598356397651296,1.03361067679914,0.885146467203874,0.447588306764735,1,0,0,0,0,1.0561820381878,0.885153986733423,0.0188083368090315,-0.0179710781754531,-0.00382680177113552,0.0158030272822323,-0.0137558194915718,-0.0115698182480121,348932.227229889,337331.523181949,35569.3087988149,721833.059210653
125,0.260228407466403,-0.00284094186678244,0.0042627872150747,-0.10070488506374,0.0146599075203204,0.00611518506400228,1.02581321464014,0.878253620269489,0.452925511814532,1,0,0,0,0,1.04732413197805,0.87826013290298,0.0187963921481796,-0.0180546778188945,-0.00372180279562406,0.0157863331769294,-0.0138986721672272,-0.0116299997863682,351308.647232362,339774.77998515,36190.0630792365,727273.490296748
126,0.260842674082226,-0.00282637036700044,0.00436468723714334,-0.101478055991351,0.0147524325639006,0.00624485670019772,1.01804213848481,0.871511281651723,0.45808098986706,1,0,0,0,0,1.03854466333223,0.871516921992308,0.0187815859446623,-0.0181506682880645,-0.00360924875261018,0.0157696212818408,-0.0140617518295465,-0.0116798423213548,353703.346856511,342246.408361214,36827.4782789821,732777.233496707
127,0.261407478732302,-0.00280926808951302,0.00446560503642496,-0.102187041834413,0.0148552693967678,0.00637199203190664,1.01029364588625,0.864918235798284,0.463051044875602,1,0,0,0,0,1.02983720769171,0.864923120465373,0.0187638509752381,-0.0182593069651099,-0.00348932028837799,0.0157529363322922,-0.0142454015639386,-0.0117188874080095,356116.127589041,344746.418873332,37481.4567748509,738344.003237224
128,0.261923506593052,-0.00278981411059784,0.00456514230045091,-0.102832626438464,0.0149668458642728,0.00649616558632581,1.00257246502815,0.858468663836913,0.467834659446164,1,0,0,0,0,1.02120390749082,0.85847289390788,0.0187433199065834,-0.0183802686135782,-0.00336268712019886,0.0157362502895872,-0.0144485760504445,-0.0117472857915057,358547.508634938,347274.48768946,38151.5826574997,743973.578981898
129,0.262392366233063,-0.00276829978868703,0.00466296119570714,-0.103416767432055,0.0150855223391228,0.00661710138160417,0.994886921014372,0.852154633971118,0.472434256122865,1,0,0,0,0,1.01265060099186,0.852158297057732,0.0187202132017283,-0.0185130013471069,-0.00323014946543281,0.0157194961357378,-0.014669683713114,-0.0117654829109184,360998.311275734,349830.135682716,38837.3375463356,749665.784504786
130,0.262815207850051,-0.00274500866741201,0.004758850478985,-0.103940863337388,0.015210013036762,0.00673464886695389,0.987244620554026,0.845968121119727,0.476855899785689,1,0,0,0,0,1.00418254644907,0.845971293148605,0.0186947362702101,-0.0186571035518715,-0.0030922947094314,0.0157025948440391,-0.0149074015643673,-0.0117739004583639,363469.294496733,352412.873804622,39538.3016487619,755420.469950117
